"","code","growth","Photo","Cond","Ci","Tleaf","PARi","CO2R","RH_S","Rd","rdTleaf"
"1","m3.1","warm",7.355329048,0.492679179,11.79220727,24.82033157,1799.918091,49.06156158,60.38832855,-1.461762236,25.0930194866667
"2","m3.1","warm",15.46492608,0.553933033,27.84917617,24.91503906,1799.296387,100.651062,61.77412415,-1.461762236,25.0930194866667
"3","m3.1","warm",22.48823265,0.567390549,45.83891132,24.95804977,1798.687988,150.3096619,62.41212082,-1.461762236,25.0930194866667
"4","m3.1","warm",28.29757237,0.564002748,68.57454176,24.99015236,1800.12085,200.8909912,62.48997879,-1.461762236,25.0930194866667
"5","m3.1","warm",32.17900411,0.551564557,97.42937376,25.01913643,1799.765381,250.7014771,62.2906456,-1.461762236,25.0930194866667
"6","m3.1","warm",34.84479258,0.526963237,153.0438108,25.07631302,1799.873291,325.5072021,61.70523453,-1.461762236,25.0930194866667
"7","m3.1","warm",35.77187454,0.478985001,210.3173667,25.1626339,1799.838867,400.4691467,60.33510971,-1.461762236,25.0930194866667
"8","m3.1","warm",36.38602474,0.419439713,383.7825767,25.13238716,1799.767944,600.8947754,58.98955536,-1.461762236,25.0930194866667
"9","m3.1","warm",35.97044947,0.349734159,551.5450915,25.14227104,1800.301025,800.5548706,56.55814362,-1.461762236,25.0930194866667
"10","m3.1","warm",36.47699735,0.280906484,892.9014337,25.16975021,1800.125244,1199.848999,53.57199478,-1.461762236,25.0930194866667
"11","m3.1","warm",36.12679038,0.229102421,1138.758068,25.27073288,1799.617676,1500.657104,51.59142685,-1.461762236,25.0930194866667
"12","m3.2","warm",7.608275939,0.532738808,12.28002601,25.06275177,1799.189575,48.92861938,62.79286575,-1.11002648566667,24.8835716233333
"13","m3.2","warm",15.61389803,0.56470882,28.84392765,25.03541756,1800.471924,101.4621658,63.78731537,-1.11002648566667,24.8835716233333
"14","m3.2","warm",21.93037543,0.566413558,48.88034046,25.02854729,1800.286377,150.9561768,63.82135391,-1.11002648566667,24.8835716233333
"15","m3.2","warm",26.80341683,0.549697287,72.79902857,25.06663513,1800.137451,200.3774261,63.41726685,-1.11002648566667,24.8835716233333
"16","m3.2","warm",29.92606809,0.516217519,102.4135185,25.146492,1800.086548,251.4047699,62.52374268,-1.11002648566667,24.8835716233333
"17","m3.2","warm",32.07183438,0.462195973,151.96863,25.15842628,1800.057495,325.0206604,61.168293,-1.11002648566667,24.8835716233333
"18","m3.2","warm",32.72603147,0.375777946,195.8189774,25.20610046,1799.934448,400.5769958,59.48957443,-1.11002648566667,24.8835716233333
"19","m3.2","warm",33.2725058,0.27826403,336.2987012,25.27744102,1800.321167,600.4390869,55.39772797,-1.11002648566667,24.8835716233333
"20","m3.2","warm",33.43297145,0.195844397,447.501049,25.41457748,1800.237305,800.1663818,50.76724243,-1.11002648566667,24.8835716233333
"21","m3.2","warm",33.60052972,0.139099493,720.0981031,25.52058601,1800.272339,1200.004272,46.76138306,-1.11002648566667,24.8835716233333
"22","m3.2","warm",33.45373964,0.098914921,856.9920153,25.57835197,1800.31958,1500.593018,43.42096329,-1.11002648566667,24.8835716233333
"23","m3.3","warm",8.222765754,0.606953853,12.7613758,24.75977325,1799.236328,49.19845581,69.08402252,-0.910938114,24.7900390633333
"24","m3.3","warm",16.42331898,0.635863022,30.21903198,24.92122269,1799.328735,101.1578064,66.70258331,-0.910938114,24.7900390633333
"25","m3.3","warm",23.36846504,0.641197753,50.75443405,25.054842,1799.261353,151.4638214,66.82341766,-0.910938114,24.7900390633333
"26","m3.3","warm",28.14925659,0.622907634,76.2551172,25.13730621,1799.361328,200.1920471,66.53736115,-0.910938114,24.7900390633333
"27","m3.3","warm",30.99028015,0.578389619,106.8090323,25.09857178,1800.680298,250.2563324,65.94091797,-0.910938114,24.7900390633333
"28","m3.3","warm",32.72608021,0.502772626,158.4441456,25.19158363,1800.777466,325.4224243,63.95121384,-0.910938114,24.7900390633333
"29","m3.3","warm",33.41048613,0.411012687,204.221199,25.14255333,1800.063354,400.3753357,62.30725098,-0.910938114,24.7900390633333
"30","m3.3","warm",33.87594883,0.312948233,354.1461977,25.14174271,1800.158813,600.3584595,59.12598038,-0.910938114,24.7900390633333
"31","m3.3","warm",33.82269094,0.215987617,470.6475508,25.24505997,1799.880127,800.2195435,55.4813385,-0.910938114,24.7900390633333
"32","m3.3","warm",34.04839039,0.148155319,740.7322194,25.30758095,1798.937378,1200.423828,51.52207947,-0.910938114,24.7900390633333
"33","m3.3","warm",33.47771341,0.098580824,857.4783301,25.340662,1800.294067,1500.027466,48.24697495,-0.910938114,24.7900390633333
"34","e3.1","warm",6.874512811,0.417108587,15.6753907,24.99998093,1800.694214,49.80131531,59.96314621,-0.327147439,25.1014544166667
"35","e3.1","warm",12.8764794,0.407980953,34.66523499,25.01523972,1800.637695,99.85778809,59.74905014,-0.327147439,25.1014544166667
"36","e3.1","warm",19.59008518,0.400419993,49.09916835,25.0006218,1800.370483,149.6531219,59.53691483,-0.327147439,25.1014544166667
"37","e3.1","warm",25.33430151,0.399894127,69.66627549,24.9355011,1800.220703,199.9905701,59.42840576,-0.327147439,25.1014544166667
"38","e3.1","warm",30.10153702,0.398098485,94.5850772,24.84648895,1799.744385,250.2854614,58.28747177,-0.327147439,25.1014544166667
"39","e3.1","warm",33.19872846,0.383573632,146.8534049,24.88964462,1800.15332,324.9312744,57.72623062,-0.327147439,25.1014544166667
"40","e3.1","warm",34.83598265,0.3633062,203.2442147,24.88469124,1800.338013,399.7371521,57.05326843,-0.327147439,25.1014544166667
"41","e3.1","warm",36.05946303,0.308794287,363.6934855,24.92675018,1800.285034,600.0264893,55.56909943,-0.327147439,25.1014544166667
"42","e3.1","warm",36.37484938,0.222876277,484.3383032,24.99601555,1800.413818,800.263855,53.12602615,-0.327147439,25.1014544166667
"43","e3.1","warm",37.18836217,0.132264162,685.0630908,25.13113022,1800.464111,1200.269531,50.01847839,-0.327147439,25.1014544166667
"44","e3.1","warm",37.06140687,0.111444898,894.7306505,25.07278824,1800.783691,1499.685059,49.57266998,-0.327147439,25.1014544166667
"45","e3.2","warm",6.908266797,0.418484658,16.3314913,24.97860146,1799.708252,50.25473785,69.53423309,-0.441652434666667,25.14275742
"46","e3.2","warm",11.99235925,0.42947373,41.77276134,24.84716415,1800.280762,99.79398346,68.82210541,-0.441652434666667,25.14275742
"47","e3.2","warm",17.00630194,0.433702567,67.77190139,24.90367699,1800.4646,149.6594391,68.3429184,-0.441652434666667,25.14275742
"48","e3.2","warm",21.22642779,0.435564307,97.56567864,24.8753376,1800.471436,199.7470398,68.43968964,-0.441652434666667,25.14275742
"49","e3.2","warm",24.25968973,0.429376592,131.8979857,24.858284,1800.724976,250.4810638,68.45766449,-0.441652434666667,25.14275742
"50","e3.2","warm",26.25625628,0.400983176,188.1085987,24.90574074,1801.139526,324.6869812,67.38126373,-0.441652434666667,25.14275742
"51","e3.2","warm",27.55745665,0.330106006,231.6308819,24.99777412,1800.512207,399.9448242,65.8001709,-0.441652434666667,25.14275742
"52","e3.2","warm",28.58540733,0.223863217,355.288867,24.95649719,1800.490479,599.7163696,64.0291748,-0.441652434666667,25.14275742
"53","e3.2","warm",29.14743895,0.13917444,421.1550169,25.04090309,1800.559448,800.899292,61.42697144,-0.441652434666667,25.14275742
"54","e3.2","warm",26.34273968,0.074394204,583.5245286,25.11901665,1800.575195,1200.276245,59.59569931,-0.441652434666667,25.14275742
"55","e3.2","warm",27.45374529,0.075181987,857.2295102,25.02421188,1800.7854,1500.420166,60.10658264,-0.441652434666667,25.14275742
"56","e3.3","warm",7.328268523,0.451751376,16.70433047,25.05106354,1799.105591,49.81676102,67.46982574,-0.396577867,25.1027228033333
"57","e3.3","warm",14.38268303,0.444011046,33.66950074,24.97117805,1799.412354,99.56816864,67.40061188,-0.396577867,25.1027228033333
"58","e3.3","warm",19.65878295,0.448992731,60.36334259,24.91607666,1800.057007,150.0008087,67.42730713,-0.396577867,25.1027228033333
"59","e3.3","warm",24.36146271,0.438644121,85.4399443,24.89560318,1800.208862,198.8710175,67.19451904,-0.396577867,25.1027228033333
"60","e3.3","warm",27.82145166,0.411141306,113.4626852,24.93300438,1800.717041,250.3325958,66.72608185,-0.396577867,25.1027228033333
"61","e3.3","warm",30.0758152,0.340784573,151.3946497,24.88695526,1800.909424,324.6328125,65.30275726,-0.396577867,25.1027228033333
"62","e3.3","warm",31.14055242,0.229715799,148.8767888,25.00026894,1799.832397,399.9111023,62.61695099,-0.396577867,25.1027228033333
"63","e3.3","warm",30.97563105,0.137002007,200.320753,25.20363045,1799.545166,599.9237671,59.91423798,-0.396577867,25.1027228033333
"64","e3.3","warm",33.82340142,0.127623951,331.2094161,25.12378883,1799.715454,800.1342773,60.46732712,-0.396577867,25.1027228033333
"65","e3.3","warm",28.75574683,0.064477292,438.3122114,25.13210678,1799.709717,1199.915405,58.7354393,-0.396577867,25.1027228033333
"66","e3.3","warm",32.90661374,0.077535983,761.4177975,25.03041267,1799.906738,1500.565796,59.08628082,-0.396577867,25.1027228033333
"67","e3.4","warm",7.469112927,0.483753224,17.52276696,24.99027252,1800.729614,50.07035446,63.40394211,-0.42,25
"68","e3.4","warm",14.18329722,0.479682663,37.44048645,24.89295959,1801.061768,99.74604797,63.36798096,-0.42,25
"69","e3.4","warm",19.41723874,0.478906507,63.72498228,24.85576248,1800.500488,149.4584656,62.86661911,-0.42,25
"70","e3.4","warm",24.37759547,0.484107196,92.7429165,24.9448719,1800.207153,199.8673248,62.48302078,-0.42,25
"71","e3.4","warm",27.99204496,0.468509989,123.3301497,25.01166344,1800.641968,249.9750671,62.10209274,-0.42,25
"72","e3.4","warm",29.9804332,0.402594119,171.2558984,24.97754288,1799.781372,325.0264282,60.63650894,-0.42,25
"73","e3.4","warm",30.95154575,0.304196385,201.4312133,24.93832588,1800.046021,401.3259583,58.28952408,-0.42,25
"74","e3.4","warm",32.4877214,0.200443792,297.7048414,24.98936272,1800.104126,599.9812622,55.42370224,-0.42,25
"75","e3.4","warm",32.85993719,0.127135246,339.9330601,25.11740875,1798.693115,800.7529297,52.92086411,-0.42,25
"76","e3.4","warm",33.6939541,0.145055875,768.4635082,25.13103867,1800.153076,1200.267456,53.79364777,-0.42,25
"77","e3.4","warm",35.05029918,0.090578639,814.5136988,25.12842941,1800.475708,1500.598633,51.92322922,-0.42,25
"78","i3.1","warm",9.30074229,0.620953317,16.81033552,25.02036095,1800.937256,49.98552322,61.18353271,-0.743290475666667,24.92072042
"79","i3.1","warm",17.78015996,0.6089067,35.79043462,25.09291077,1800.815552,100.2493362,60.22757721,-0.743290475666667,24.92072042
"80","i3.1","warm",25.61016167,0.598905236,55.88358625,25.1431427,1801.249023,150.0110016,59.90700531,-0.743290475666667,24.92072042
"81","i3.1","warm",29.71009586,0.578468627,86.24042968,25.0997963,1799.634277,198.8709412,59.97454453,-0.743290475666667,24.92072042
"82","i3.1","warm",31.29662369,0.539391001,124.4109076,24.91577911,1799.80896,250.285965,60.13037872,-0.743290475666667,24.92072042
"83","i3.1","warm",32.28376074,0.457693021,175.2495833,24.9160862,1799.80481,323.8000488,58.61244583,-0.743290475666667,24.92072042
"84","i3.1","warm",33.25871247,0.376735656,220.2626685,24.91322899,1800.362427,399.8529358,56.95176315,-0.743290475666667,24.92072042
"85","i3.1","warm",34.49437376,0.268375325,349.8044011,24.91897011,1800.493164,599.7411499,54.40848541,-0.743290475666667,24.92072042
"86","i3.1","warm",34.95451761,0.208030954,481.8776891,24.94249916,1800.315796,800.4050903,52.77550888,-0.743290475666667,24.92072042
"87","i3.1","warm",35.57065345,0.156799117,777.374482,24.92512894,1800.147705,1200.862183,51.67843628,-0.743290475666667,24.92072042
"88","i3.1","warm",35.75337686,0.134341013,1005.660909,24.83356285,1799.970825,1499.68689,50.89984131,-0.743290475666667,24.92072042
"89","i3.2","warm",9.800054043,0.655931899,16.47831673,25.07338142,1799.904419,49.74658203,60.02769852,-0.509460511333333,25.04409472
"90","i3.2","warm",19.13182673,0.64752359,34.44595446,25.13726044,1799.460327,100.0853653,59.91888428,-0.509460511333333,25.04409472
"91","i3.2","warm",27.47429912,0.649139962,55.69369878,25.12496948,1799.556641,149.956192,60.41357422,-0.509460511333333,25.04409472
"92","i3.2","warm",31.50749063,0.650183256,90.09749223,25.08214951,1799.889038,198.7857056,60.39824677,-0.509460511333333,25.04409472
"93","i3.2","warm",33.03427578,0.609654806,129.8358724,25.11077499,1799.866821,250.2953186,59.80867004,-0.509460511333333,25.04409472
"94","i3.2","warm",34.1578416,0.527271788,184.4416332,25.17165756,1800.026855,324.73172,58.48908997,-0.509460511333333,25.04409472
"95","i3.2","warm",34.9832948,0.455727654,238.7346903,25.14107132,1800.051147,400.8048401,57.62641144,-0.509460511333333,25.04409472
"96","i3.2","warm",36.210482,0.340484504,384.8078826,25.13407707,1800.281372,600.4108887,56.14246368,-0.509460511333333,25.04409472
"97","i3.2","warm",36.88239973,0.263927494,525.359319,25.09135628,1800.480225,800.041687,54.76038361,-0.509460511333333,25.04409472
"98","i3.2","warm",36.75964795,0.200726731,844.9708718,25.12430382,1800.388062,1199.862061,53.23987961,-0.509460511333333,25.04409472
"99","i3.2","warm",38.36497813,0.166001526,1059.375189,25.05047226,1800.496094,1499.97522,52.97283173,-0.509460511333333,25.04409472
"100","i3.3","warm",9.4319217,0.63157983,16.34348209,25.02018166,1800.182495,49.89080811,62.16343307,-0.783387965333333,24.9879341133333
"101","i3.3","warm",18.09451299,0.611504005,33.67833333,25.0243988,1799.809326,99.63367462,61.87480545,-0.783387965333333,24.9879341133333
"102","i3.3","warm",25.97179286,0.605364554,54.28834609,24.98803139,1800.4552,149.8128967,61.74011993,-0.783387965333333,24.9879341133333
"103","i3.3","warm",29.06050433,0.568725667,87.11994662,25.00144768,1800.598877,199.7745209,61.12982178,-0.783387965333333,24.9879341133333
"104","i3.3","warm",30.37297389,0.497333732,119.6105958,25.04527855,1800.825195,250.6626892,59.8033905,-0.783387965333333,24.9879341133333
"105","i3.3","warm",31.43300868,0.37274682,154.1784143,25.16396713,1800.754028,325.157074,57.68036652,-0.783387965333333,24.9879341133333
"106","i3.3","warm",32.18463894,0.294431054,186.5488538,25.08397102,1800.886475,399.7766724,56.73221207,-0.783387965333333,24.9879341133333
"107","i3.3","warm",33.24831364,0.188449442,274.2574495,25.06835175,1801.206055,600.2559204,54.71203995,-0.783387965333333,24.9879341133333
"108","i3.3","warm",33.04376563,0.143780029,384.2075083,24.92921829,1801.422607,799.9088745,53.80556488,-0.783387965333333,24.9879341133333
"109","i3.3","warm",33.698166,0.106100596,633.0594551,24.93709755,1799.526733,1199.55603,53.02451706,-0.783387965333333,24.9879341133333
"110","i3.3","warm",34.04889572,0.093482515,850.7933266,24.88972092,1799.610229,1499.788208,52.59719467,-0.783387965333333,24.9879341133333
"111","g3.1","warm",6.480051303,0.42479041,20.94689473,24.74315643,1800.028076,50.1006012,56.81452942,-0.468024633666667,25.11190351
"112","g3.1","warm",13.7084616,0.445434728,40.50894184,24.96782684,1799.917603,99.7077713,55.11777115,-0.468024633666667,25.11190351
"113","g3.1","warm",20.73783583,0.450029096,61.41625628,24.91426849,1800.655884,150.196228,55.33621216,-0.468024633666667,25.11190351
"114","g3.1","warm",25.56880993,0.45435053,91.2589255,25.00481033,1800.414307,200.3320313,54.32619095,-0.468024633666667,25.11190351
"115","g3.1","warm",27.77738223,0.44516661,128.9629353,25.03216171,1800.480957,250.3864899,54.06266022,-0.468024633666667,25.11190351
"116","g3.1","warm",28.35143341,0.429691742,195.1415944,24.92093086,1800.241089,324.5567322,55.00271225,-0.468024633666667,25.11190351
"117","g3.1","warm",27.93591327,0.411968838,267.1384674,24.879282,1800.317017,401.3029785,54.83875656,-0.468024633666667,25.11190351
"118","g3.1","warm",30.13226819,0.393614035,445.3972721,25.00876617,1800.708374,600.3480835,53.71175766,-0.468024633666667,25.11190351
"119","g3.1","warm",30.07909394,0.367894068,631.2496453,25.02078247,1800.520386,800.0621948,53.32689285,-0.468024633666667,25.11190351
"120","g3.1","warm",31.39368812,0.315181049,990.9329416,25.08520317,1800.45874,1200.282104,53.91578674,-0.468024633666667,25.11190351
"121","g3.1","warm",34.19552902,0.242991346,1214.817165,24.92807961,1799.871704,1498.79895,54.99160767,-0.468024633666667,25.11190351
"122","g3.2","warm",6.272789413,0.523400604,26.2011835,24.93725014,1799.73999,49.58766174,62.02907562,-0.538016440666667,24.9535783133333
"123","g3.2","warm",13.86543132,0.529250334,49.50887467,24.93954468,1799.435059,100.5093536,59.65369797,-0.538016440666667,24.9535783133333
"124","g3.2","warm",20.64058363,0.526717605,73.85731631,24.91606522,1799.400879,150.0739441,63.59635544,-0.538016440666667,24.9535783133333
"125","g3.2","warm",22.94805604,0.557303614,119.4906793,24.75928307,1799.468506,201.2287445,60.74567413,-0.538016440666667,24.9535783133333
"126","g3.2","warm",24.41708351,0.536276491,160.2807246,24.65294838,1799.286255,250.8048248,63.64624786,-0.538016440666667,24.9535783133333
"127","g3.2","warm",25.22493908,0.53234577,229.3291912,24.98753357,1799.521973,325.2695618,62.16705322,-0.538016440666667,24.9535783133333
"128","g3.2","warm",24.81000103,0.52353184,302.4308819,24.88236046,1799.628418,399.9677429,60.31744003,-0.538016440666667,24.9535783133333
"129","g3.2","warm",25.87837596,0.471852424,485.35995,24.67842484,1798.795532,599.9466553,63.60985565,-0.538016440666667,24.9535783133333
"130","g3.2","warm",26.33250314,0.435083231,671.0354652,25.00095558,1799.312378,800.4519653,61.98817825,-0.538016440666667,24.9535783133333
"131","g3.2","warm",28.59290307,0.390685799,1040.65836,24.84979248,1799.629639,1201.009644,63.20524597,-0.538016440666667,24.9535783133333
"132","g3.2","warm",28.25970905,0.340635709,1315.806394,24.92644501,1799.543701,1499.371216,63.15515137,-0.538016440666667,24.9535783133333
"133","g3.3","warm",5.084001523,0.387235932,24.5003935,24.91513252,1800.234131,49.22274399,52.90419769,-0.440487656,24.95696004
"134","g3.3","warm",11.69006524,0.400343164,45.28328962,24.88114357,1800.817139,100.1946335,51.34442902,-0.440487656,24.95696004
"135","g3.3","warm",19.2631307,0.429486642,66.00088471,24.8609333,1800.747559,150.9217834,51.40387726,-0.440487656,24.95696004
"136","g3.3","warm",23.73258929,0.433722516,97.02211494,25.05082321,1800.440674,201.3327026,51.96237946,-0.440487656,24.95696004
"137","g3.3","warm",24.89662971,0.435799814,141.061945,24.85732079,1800.504028,251.1490631,50.8797226,-0.440487656,24.95696004
"138","g3.3","warm",26.76977517,0.407747962,197.357427,25.04111481,1800.617676,324.1483154,49.83572769,-0.440487656,24.95696004
"139","g3.3","warm",27.84647918,0.370669209,255.7055146,25.10440636,1800.043213,400.3614807,52.06438828,-0.440487656,24.95696004
"140","g3.3","warm",27.04008258,0.329532286,439.1370994,24.88208008,1800.626953,600.085083,49.97829056,-0.440487656,24.95696004
"141","g3.3","warm",28.54890905,0.275217246,598.8594957,24.85082817,1800.561646,800.7623901,51.92938232,-0.440487656,24.95696004
"142","g3.3","warm",29.57432005,0.225877673,943.7826137,24.97249794,1800.401367,1201.589966,47.86702347,-0.440487656,24.95696004
"143","a3.1","warm",0.363818535,0.759533728,47.32280788,24.99668312,1799.355103,50.01690292,67.66461945,-0.336657808666667,25.04547183
"144","a3.1","warm",5.305217549,0.841658554,79.61444636,24.86924744,1801.075928,99.87127686,68.08924103,-0.336657808666667,25.04547183
"145","a3.1","warm",9.431827628,0.876858861,115.3363057,24.89933777,1800.862305,149.8591766,68.59120941,-0.336657808666667,25.04547183
"146","a3.1","warm",13.27293072,0.83816344,149.576393,24.98235893,1801.011963,198.9814148,67.69497681,-0.336657808666667,25.04547183
"147","a3.1","warm",16.69018761,0.714200159,183.0449093,25.01952171,1800.89978,250.7431793,66.67935944,-0.336657808666667,25.04547183
"148","a3.1","warm",19.32112376,0.570666952,210.3297305,25.06453705,1800.848022,299.8904419,63.61253738,-0.336657808666667,25.04547183
"149","a3.1","warm",26.99164943,0.434855304,347.7828113,25.08200455,1800.847656,498.8608093,60.82157135,-0.336657808666667,25.04547183
"150","a3.1","warm",30.97710195,0.287307458,512.3418568,25.10976982,1800.989502,749.402771,56.30619431,-0.336657808666667,25.04547183
"151","a3.1","warm",31.69978868,0.225431491,702.9228857,25.10963631,1801.05481,1000.97998,53.61939621,-0.336657808666667,25.04547183
"152","a3.1","warm",31.46751166,0.225279164,946.1426964,25.02227592,1801.244141,1250.084351,53.86006546,-0.336657808666667,25.04547183
"153","a3.1","warm",31.35487539,0.23594396,1199.624819,24.89430618,1800.388428,1500.051025,54.08706665,-0.336657808666667,25.04547183
"154","a3.1","warm",31.21984706,0.22974979,1485.504059,24.97595787,1801.238403,1800.380859,53.80404663,-0.336657808666667,25.04547183
"155","a3.2","warm",0.304475112,0.512051825,47.24039563,25.0187664,1799.11145,50.14208603,57.79351425,-0.462944724,24.8770192466667
"156","a3.2","warm",4.628475112,0.575697996,77.62820966,24.8755455,1800.137573,99.53549194,59.25023651,-0.462944724,24.8770192466667
"157","a3.2","warm",8.858242028,0.637912171,111.426304,24.87917709,1799.837036,149.7087708,60.36142731,-0.462944724,24.8770192466667
"158","a3.2","warm",12.52695614,0.631558541,144.9031303,24.94075966,1799.309326,198.9860382,60.43194962,-0.462944724,24.8770192466667
"159","a3.2","warm",15.49751954,0.533232858,175.8183935,25.08170891,1798.683105,250.1345978,58.42697906,-0.462944724,24.8770192466667
"160","a3.2","warm",16.96329429,0.378903533,197.1651255,25.109972,1799.90625,299.9487305,54.77648163,-0.462944724,24.8770192466667
"161","a3.2","warm",20.92174871,0.18462104,277.2977134,24.75317001,1800.799072,500.0382996,45.31373596,-0.462944724,24.8770192466667
"162","a3.2","warm",26.6043069,0.141564291,393.2547951,25.00681496,1800.772949,750.0876465,40.99448776,-0.462944724,24.8770192466667
"163","a3.2","warm",28.49389116,0.109110738,516.8246408,25.08525085,1800.011841,1000.631104,38.62242508,-0.462944724,24.8770192466667
"164","a3.2","warm",29.40803117,0.091451383,660.3973987,25.08340836,1799.156128,1249.632202,37.46323013,-0.462944724,24.8770192466667
"165","a3.2","warm",29.42352343,0.081770426,841.0934317,25.04109192,1800.246948,1499.584839,36.71219635,-0.462944724,24.8770192466667
"166","a3.2","warm",29.14839613,0.072492477,1064.170107,25.06942749,1799.996216,1799.850586,36.37602615,-0.462944724,24.8770192466667
"167","a3.3","warm",0.322613532,0.645731608,47.27846386,25.06932259,1799.182129,49.99470901,65.48625183,-0.492323622333333,25.0243364966667
"168","a3.3","warm",4.481362627,0.700753894,80.57613896,24.92204666,1799.324829,100.0477448,66.57298279,-0.492323622333333,25.0243364966667
"169","a3.3","warm",8.082780324,0.747871348,116.6309282,24.9125042,1799.369385,149.6957092,67.12110138,-0.492323622333333,25.0243364966667
"170","a3.3","warm",11.68464455,0.735923513,151.9693633,24.95779991,1799.458984,199.7153625,66.99721527,-0.492323622333333,25.0243364966667
"171","a3.3","warm",14.57537476,0.624692304,184.9756086,25.02469635,1799.286621,250.2518921,64.86962128,-0.492323622333333,25.0243364966667
"172","a3.3","warm",16.8878115,0.490859739,212.5107681,25.12530136,1799.249512,300.2937622,62.15961838,-0.492323622333333,25.0243364966667
"173","a3.3","warm",22.82335846,0.285131631,324.684453,25.05068398,1800.281372,499.4859009,55.91679382,-0.492323622333333,25.0243364966667
"174","a3.3","warm",25.62496556,0.163534789,441.9212795,25.14255714,1798.891235,750.1342773,50.88780975,-0.492323622333333,25.0243364966667
"175","a3.3","warm",28.53720034,0.145071947,616.6191006,25.04833221,1798.807983,1000.128601,50.09400177,-0.492323622333333,25.0243364966667
"176","a3.3","warm",29.21353928,0.143116065,845.6233011,24.91456032,1799.070068,1249.520386,50.11485672,-0.492323622333333,25.0243364966667
"177","a3.3","warm",28.82175865,0.146861155,1101.339351,24.87653542,1799.925049,1500.144531,49.95025635,-0.492323622333333,25.0243364966667
"178","a3.3","warm",29.21508858,0.145663197,1384.25913,24.83203888,1799.938721,1799.834595,49.80688095,-0.492323622333333,25.0243364966667
"179","a3.4","warm",0.25982013,0.727311691,47.26027284,24.99475861,1801.046509,49.62304688,64.79277039,-0.47,25
"180","a3.4","warm",4.916723929,0.795602549,81.04906415,24.97727966,1800.814697,100.294075,66.17762756,-0.47,25
"181","a3.4","warm",9.030911315,0.862154596,117.1090779,24.94354439,1800.902954,150.0367126,67.39913177,-0.47,25
"182","a3.4","warm",13.0674411,0.905181144,152.7613216,24.93141556,1801.029785,198.7037659,68.22015381,-0.47,25
"183","a3.4","warm",16.95050423,0.881972595,190.4665004,24.9143219,1801.311401,250.630722,67.90769196,-0.47,25
"184","a3.4","warm",20.12314085,0.755200193,222.3235564,25.00411606,1801.461426,300.0249023,65.99025726,-0.47,25
"185","a3.4","warm",28.09174454,0.593087306,372.1014772,25.09441185,1799.621094,499.3267822,62.72124863,-0.47,25
"186","a3.4","warm",31.29987584,0.417086177,566.9318431,25.10137177,1799.352051,750.1785889,58.83729935,-0.47,25
"187","a3.4","warm",31.85685521,0.31874321,769.2113916,25.07014847,1799.438477,1000.62207,55.85669327,-0.47,25
"188","a3.4","warm",32.76831316,0.272789669,976.9824002,25.03130341,1799.787964,1249.444092,53.90996933,-0.47,25
"189","a3.4","warm",33.25404445,0.251658306,1200.513678,24.9382,1800.041992,1500.343994,53.31263733,-0.47,25
"190","a3.4","warm",33.27005115,0.233913773,1474.957439,24.89760399,1800.986938,1800.22937,52.47098923,-0.47,25
"191","f3.1","warm",8.609706156,0.585920681,16.21559098,24.78724098,1800.796265,49.23622894,63.62097931,-0.536921327333333,25.0609900166667
"192","f3.1","warm",17.47294326,0.595527336,33.82847024,24.88644791,1801.324097,100.1087646,62.36167908,-0.536921327333333,25.0609900166667
"193","f3.1","warm",25.73964402,0.609322407,55.35747751,24.89583015,1799.71582,151.5604706,62.63848114,-0.536921327333333,25.0609900166667
"194","f3.1","warm",30.66499033,0.63292874,88.93501505,24.86650848,1799.693115,201.1251221,63.05181503,-0.536921327333333,25.0609900166667
"195","f3.1","warm",32.02924918,0.648725695,134.576373,24.91847801,1800.917236,250.9556732,62.84123611,-0.536921327333333,25.0609900166667
"196","f3.1","warm",32.25969256,0.656404414,206.6590826,24.91982651,1798.848511,324.965332,62.41193008,-0.536921327333333,25.0609900166667
"197","f3.1","warm",32.57767581,0.66567253,279.6857126,24.98096275,1800.167114,400.1247559,62.38883591,-0.536921327333333,25.0609900166667
"198","f3.1","warm",32.84533276,0.664707526,473.5709718,24.97986984,1799.968506,600.6669922,62.14900589,-0.536921327333333,25.0609900166667
"199","f3.1","warm",32.87677322,0.637014463,663.9706876,25.06619072,1800.035767,800.4260254,61.68867493,-0.536921327333333,25.0609900166667
"200","f3.1","warm",33.34279441,0.600862936,1046.065788,25.01828957,1800.005615,1200.475342,61.39263535,-0.536921327333333,25.0609900166667
"201","f3.1","warm",33.71568156,0.559719871,1329.712853,24.99615669,1799.97644,1500.675171,60.51659012,-0.536921327333333,25.0609900166667
"202","f3.2","warm",7.092606908,0.490501647,18.29786365,24.65517616,1799.734497,49.49487686,59.661129,-0.587041387333333,24.8890647866667
"203","f3.2","warm",15.14775394,0.503538913,35.16618655,24.86038208,1800.163452,100.4197845,60.90037537,-0.587041387333333,24.8890647866667
"204","f3.2","warm",22.66413381,0.535881365,57.9434246,24.94595146,1800.24646,151.3306732,60.2674675,-0.587041387333333,24.8890647866667
"205","f3.2","warm",26.70045908,0.560798237,93.05390883,24.95903206,1800.363525,200.2027435,60.77022934,-0.587041387333333,24.8890647866667
"206","f3.2","warm",28.39015328,0.575886383,137.3034592,24.96637344,1800.301392,250.2180939,61.09176254,-0.587041387333333,24.8890647866667
"207","f3.2","warm",28.36959946,0.58217734,209.9249344,24.96479416,1800.468384,324.0409546,61.18664551,-0.587041387333333,24.8890647866667
"208","f3.2","warm",28.68932258,0.579696031,282.3631742,24.80199814,1799.706787,400.059021,62.90350723,-0.587041387333333,24.8890647866667
"209","f3.2","warm",28.90273065,0.56874201,474.7075133,24.93213081,1799.353516,600.6882935,59.82969284,-0.587041387333333,24.8890647866667
"210","f3.2","warm",29.33903083,0.536323938,660.8900547,25.14870834,1800.604614,799.7681885,59.02549744,-0.587041387333333,24.8890647866667
"211","f3.2","warm",30.2029557,0.49794883,1039.435801,25.1251297,1800.830322,1200.615845,58.55469513,-0.587041387333333,24.8890647866667
"212","f3.2","warm",30.7532643,0.461802046,1319.81718,25.09363174,1799.739868,1499.930542,57.73146439,-0.587041387333333,24.8890647866667
"213","f3.3","warm",7.014706216,0.422080859,14.48582619,24.95232964,1800.151245,49.54286575,62.27983475,-0.38882673,24.96953837
"214","f3.3","warm",14.75453553,0.43903526,30.02513812,24.84772873,1800.220581,101.5214539,62.99195099,-0.38882673,24.96953837
"215","f3.3","warm",22.14050544,0.460881773,47.7921113,24.8931427,1800.439087,151.2689056,62.85281372,-0.38882673,24.96953837
"216","f3.3","warm",28.42359845,0.479319075,71.50287967,24.91675377,1800.429443,200.7884979,63.35805893,-0.38882673,24.96953837
"217","f3.3","warm",31.4085561,0.495408635,111.1426384,24.89888382,1800.38269,251.4754333,63.69402313,-0.38882673,24.96953837
"218","f3.3","warm",32.55912803,0.502632873,179.0107963,24.90275192,1800.704346,324.8406677,63.8080101,-0.38882673,24.96953837
"219","f3.3","warm",32.83054548,0.505395297,252.0247481,24.86205482,1800.967773,400.5903015,63.67910004,-0.38882673,24.96953837
"220","f3.3","warm",33.10407851,0.496666666,442.9565481,24.94349289,1799.857544,600.3764648,63.00737,-0.38882673,24.96953837
"221","f3.3","warm",33.54197473,0.474548463,630.2332201,24.93642998,1798.921387,800.4014282,62.19682693,-0.38882673,24.96953837
"222","f3.3","warm",34.19527134,0.433951072,1004.156829,24.95684052,1799.871826,1199.910889,61.76900101,-0.38882673,24.96953837
"223","f3.3","warm",34.43468174,0.389374248,1279.735224,24.90172958,1799.976929,1500.007324,60.36553574,-0.38882673,24.96953837
"224","h3.1","warm",7.528299825,0.607771961,16.1130627,25.03146553,1799.826294,49.42323685,67.23612213,-0.7444928995,25.045290945
"225","h3.1","warm",14.66555473,0.61221674,35.6795101,25.00263596,1800.254883,100.3966522,67.26760864,-0.7444928995,25.045290945
"226","h3.1","warm",21.16490452,0.596970626,55.36099937,24.9888401,1800.303101,150.2920837,66.91305542,-0.7444928995,25.045290945
"227","h3.1","warm",26.25370398,0.551129015,76.62280453,24.99292755,1800.363281,200.5663147,65.95064545,-0.7444928995,25.045290945
"228","h3.1","warm",29.83164392,0.486510774,98.43201036,25.06381989,1800.258179,251.3042908,64.56728363,-0.7444928995,25.045290945
"229","h3.1","warm",33.07761684,0.409673014,134.5228317,25.10615349,1800.4823,325.5563049,63.11555862,-0.7444928995,25.045290945
"230","h3.1","warm",34.59512326,0.353665462,177.5415042,25.06812286,1801.010254,400.1346741,61.45220184,-0.7444928995,25.045290945
"231","h3.1","warm",35.18983938,0.245133036,298.040515,25.02975273,1799.869141,599.583313,60.49290085,-0.7444928995,25.045290945
"232","h3.1","warm",35.2518844,0.173451505,398.8103938,24.93711281,1799.996216,800.5158691,57.18561935,-0.7444928995,25.045290945
"233","h3.1","warm",35.39480852,0.112202277,610.3752069,24.97854424,1799.94165,1201.470337,53.75660706,-0.7444928995,25.045290945
"234","h3.1","warm",35.68413262,0.08748861,754.1170461,25.07370949,1799.314331,1500.887573,52.09362793,-0.7444928995,25.045290945
"235","h3.2","warm",8.901992935,0.760632659,15.23567049,25.07654572,1800.970093,49.75937271,68.89173889,-0.723832821,25.05040741
"236","h3.2","warm",16.48747216,0.734591495,35.15010422,24.99962616,1800.851685,100.5231781,68.30028534,-0.723832821,25.05040741
"237","h3.2","warm",22.92921113,0.685108679,55.26949169,24.96129417,1801.275024,150.0268402,67.26281738,-0.723832821,25.05040741
"238","h3.2","warm",28.40346114,0.62916329,76.81793798,24.9664917,1799.639648,200.4445953,66.05718231,-0.723832821,25.05040741
"239","h3.2","warm",32.5172295,0.579566304,101.995413,24.98739815,1799.767212,251.1498566,64.94142151,-0.723832821,25.05040741
"240","h3.2","warm",35.90816544,0.514540376,146.5263668,25.01560783,1799.97876,325.0180969,63.41386032,-0.723832821,25.05040741
"241","h3.2","warm",35.01279561,0.335806301,166.717067,25.08428001,1799.694946,400.6282654,59.10858917,-0.723832821,25.05040741
"242","h3.2","warm",37.47136086,0.258268014,292.2755634,25.19708633,1800.069336,600.8395386,56.2181282,-0.723832821,25.05040741
"243","h3.2","warm",36.42994783,0.167676255,372.6380847,25.11543274,1800.124756,799.5706787,53.6397171,-0.723832821,25.05040741
"244","h3.2","warm",37.02984089,0.113392829,586.3451129,25.06888199,1800.091675,1199.111572,50.52329254,-0.723832821,25.05040741
"245","h3.2","warm",38.40504897,0.092681245,737.5465539,25.09888077,1799.584229,1500.63147,49.20112991,-0.723832821,25.05040741
"246","h3.3","warm",7.89654045,0.659905572,16.14489171,24.94481277,1800.396118,49.39916611,73.00993347,-0.637163350666667,24.9520346333333
"247","h3.3","warm",15.4238772,0.686170225,37.17464033,24.85191917,1800.412598,100.8041611,73.32460022,-0.637163350666667,24.9520346333333
"248","h3.3","warm",22.10637355,0.696899897,60.4641698,24.88385963,1800.577148,151.0497131,73.13558197,-0.637163350666667,24.9520346333333
"249","h3.3","warm",27.45406536,0.695723617,87.49867165,24.90876389,1800.468384,200.4269562,73.25296021,-0.637163350666667,24.9520346333333
"250","h3.3","warm",31.06777225,0.694582363,122.534003,24.89750862,1800.56543,251.0556488,73.26283264,-0.637163350666667,24.9520346333333
"251","h3.3","warm",33.22868736,0.68099609,184.6440161,24.88611603,1800.980469,325.0687256,72.96973419,-0.637163350666667,24.9520346333333
"252","h3.3","warm",33.98695101,0.654374452,251.4534249,24.93906021,1800.276733,400.1066895,72.48595428,-0.637163350666667,24.9520346333333
"253","h3.3","warm",34.37950234,0.594095265,436.3414115,25.00042534,1800.02124,600.4373779,71.1701889,-0.637163350666667,24.9520346333333
"254","h3.3","warm",34.2759729,0.502937289,614.3990751,25.11086845,1800.14502,800.3596191,69.10300446,-0.637163350666667,24.9520346333333
"255","h3.3","warm",34.31712502,0.39058917,971.9611527,25.15773201,1800.14978,1200.758911,66.33712769,-0.637163350666667,24.9520346333333
"256","h3.3","warm",34.25272809,0.271197941,1201.726247,25.07152557,1799.945557,1500.221802,62.85638809,-0.637163350666667,24.9520346333333
"257","c3.1","warm",2.743499523,0.588209607,38.90137947,25.01662827,1800.704346,49.46340179,58.94522476,-0.225910731666667,24.9657344833333
"258","c3.1","warm",7.40836932,0.55177173,71.92947147,24.97267914,1801.012695,100.7917252,57.15252686,-0.225910731666667,24.9657344833333
"259","c3.1","warm",11.8106968,0.570419552,105.9559932,24.54348564,1801.277588,150.3913727,56.82851791,-0.225910731666667,24.9657344833333
"260","c3.1","warm",14.69535605,0.607783396,147.1232221,24.56015205,1801.070313,200.2548676,57.18010712,-0.225910731666667,24.9657344833333
"261","c3.1","warm",19.06229229,0.653574657,186.0386982,24.88393211,1801.398926,251.4263611,58.91820908,-0.225910731666667,24.9657344833333
"262","c3.1","warm",21.80153858,0.757491696,231.4222607,24.83593941,1801.0354,299.2269897,57.1374321,-0.225910731666667,24.9657344833333
"263","c3.1","warm",28.97619709,0.716117335,402.9335748,24.95528221,1800.994873,499.6231995,59.34487152,-0.225910731666667,24.9657344833333
"264","c3.1","warm",30.34934331,0.633283887,634.0286615,25.06035805,1801.255127,750.9793091,56.60735703,-0.225910731666667,24.9657344833333
"265","c3.1","warm",32.98456214,0.558092302,857.0564512,24.77093697,1800.997559,1000.127197,58.52046204,-0.225910731666667,24.9657344833333
"266","c3.1","warm",33.60325751,0.429845104,1067.626808,24.97387505,1800.312744,1249.551147,55.11582184,-0.225910731666667,24.9657344833333
"267","c3.1","warm",33.64552343,0.346060622,1280.486885,24.59463692,1800.720459,1498.873535,55.5247879,-0.225910731666667,24.9657344833333
"268","c3.1","warm",34.77007347,0.303075898,1542.623627,24.93352509,1801.007324,1800.074951,54.10134506,-0.225910731666667,24.9657344833333
"269","c3.2","warm",3.918712707,0.734519137,37.35149061,25.20830345,1800.432983,49.42468643,63.3728981,-0.381201071333333,24.9032421133333
"270","c3.2","warm",9.617178783,0.784797191,72.93295237,24.24802971,1800.722656,100.396698,63.86353302,-0.381201071333333,24.9032421133333
"271","c3.2","warm",15.10312831,0.801860702,107.6477545,24.70390511,1800.901855,150.0663147,63.57634735,-0.381201071333333,24.9032421133333
"272","c3.2","warm",19.96568102,0.823252839,146.076092,24.85958862,1800.827515,201.2514191,63.22498322,-0.381201071333333,24.9032421133333
"273","c3.2","warm",24.52226757,0.866272977,185.64521,24.73987579,1800.706177,251.0759735,66.78211975,-0.381201071333333,24.9032421133333
"274","c3.2","warm",27.56057849,0.865257664,224.72499,25.09775734,1800.935547,299.0335999,62.01931381,-0.381201071333333,24.9032421133333
"275","c3.2","warm",36.65595701,0.811925681,393.6800433,25.1010952,1799.188477,499.7848816,63.90003204,-0.381201071333333,24.9032421133333
"276","c3.2","warm",41.69481364,0.710605723,613.0146051,24.92545128,1800.33252,750.1679077,64.90477753,-0.381201071333333,24.9032421133333
"277","c3.2","warm",43.28731999,0.576518633,828.9566069,24.95441055,1800.504639,1000.232239,62.26050186,-0.381201071333333,24.9032421133333
"278","c3.2","warm",44.6365705,0.475292216,1040.829094,25.06872559,1800.405151,1250.265503,61.72670746,-0.381201071333333,24.9032421133333
"279","c3.2","warm",44.5871768,0.422240126,1265.864488,24.80859566,1799.578613,1500.040161,61.22600555,-0.381201071333333,24.9032421133333
"280","c3.2","warm",45.29069392,0.380202944,1534.402686,24.87203789,1799.570313,1799.33374,60.29560852,-0.381201071333333,24.9032421133333
"281","c3.3","warm",3.462776176,0.942027895,40.54422779,24.67086411,1799.539551,49.48941422,60.37347794,-0.537900116666667,24.94426155
"282","c3.3","warm",8.916727017,0.913757927,77.35122316,24.37060165,1799.932617,100.0263138,61.24704361,-0.537900116666667,24.94426155
"283","c3.3","warm",13.799975,0.912543904,116.4086125,24.45882797,1800.26001,151.4684448,59.66573334,-0.537900116666667,24.94426155
"284","c3.3","warm",19.44545151,0.918735821,151.1924819,25.02630806,1800.309326,200.2898712,60.76820374,-0.537900116666667,24.94426155
"285","c3.3","warm",23.37976556,0.977747301,193.3488531,24.83087158,1800.447021,250.0788269,62.53874588,-0.537900116666667,24.94426155
"286","c3.3","warm",27.33871067,1.026967693,234.8635371,24.91245842,1800.546753,299.3285522,61.48402405,-0.537900116666667,24.94426155
"287","c3.3","warm",35.50887998,1.087906689,416.2571748,24.38765907,1800.400024,499.2953186,61.11861801,-0.537900116666667,24.94426155
"288","c3.3","warm",39.53467293,0.942665117,642.5298249,24.96375275,1800.546997,750.2084351,61.35748291,-0.537900116666667,24.94426155
"289","c3.3","warm",39.71898741,0.829696759,875.5235806,24.90706444,1800.550049,999.7592773,56.27297974,-0.537900116666667,24.94426155
"290","c3.3","warm",40.87247227,0.68167351,1097.528414,25.15923882,1799.760254,1249.755005,57.72743225,-0.537900116666667,24.94426155
"291","c3.3","warm",40.86146143,0.606752348,1328.764195,24.72327232,1798.559204,1498.57959,57.65992737,-0.537900116666667,24.94426155
"292","c3.3","warm",38.68704338,0.550685755,1618.489515,24.52090263,1800.828979,1799.771606,56.71118546,-0.537900116666667,24.94426155
"293","d3.1","warm",6.56140166,0.580245536,19.63327096,24.89557266,1798.661377,49.74260712,63.61268234,-1.285778914,25.1244443266667
"294","d3.1","warm",12.66157155,0.597178819,43.0087369,24.84346581,1799.033203,100.2434998,63.47206497,-1.285778914,25.1244443266667
"295","d3.1","warm",18.95752011,0.615434209,65.76727089,24.97907829,1798.791626,150.0052338,62.98816681,-1.285778914,25.1244443266667
"296","d3.1","warm",24.3094522,0.61811325,93.27188974,25.02664757,1800.246094,201.2929688,63.07248306,-1.285778914,25.1244443266667
"297","d3.1","warm",27.84599375,0.614579007,126.4561876,25.03198814,1800.209351,251.2006531,63.00416946,-1.285778914,25.1244443266667
"298","d3.1","warm",30.02542241,0.602881513,187.6263563,25.04327965,1800.411011,325.2130127,62.75476456,-1.285778914,25.1244443266667
"299","d3.1","warm",30.8757593,0.58287841,254.2145161,25.10116386,1799.251831,400.4587097,62.37977982,-1.285778914,25.1244443266667
"300","d3.1","warm",31.43761647,0.501985808,431.7711256,25.16020775,1798.833862,600.274353,60.45368195,-1.285778914,25.1244443266667
"301","d3.1","warm",31.48138498,0.342152128,578.8491594,25.04788017,1799.540161,800.1845093,55.77682114,-1.285778914,25.1244443266667
"302","d3.1","warm",31.4762741,0.17973768,834.3133939,25.17507553,1799.003784,1200.604004,49.35902786,-1.285778914,25.1244443266667
"303","d3.1","warm",31.37365708,0.114927493,970.2522123,25.07368088,1799.199097,1500.631348,46.34820175,-1.285778914,25.1244443266667
"304","d3.2","warm",6.567493196,0.524890948,17.56482888,24.92656517,1799.184204,49.6860466,59.51374435,-0.869261629,24.93853442
"305","d3.2","warm",12.43144065,0.543261017,40.5884387,24.83772278,1799.087036,100.3031235,59.89759445,-0.869261629,24.93853442
"306","d3.2","warm",18.40252972,0.56755112,63.83002055,24.8693409,1799.071655,149.9831238,60.12828827,-0.869261629,24.93853442
"307","d3.2","warm",22.97641547,0.575696634,94.34461968,24.83135414,1799.279175,201.4339294,60.26806259,-0.869261629,24.93853442
"308","d3.2","warm",25.7302406,0.585755306,131.304456,24.80612755,1799.471802,250.7901001,59.90822601,-0.869261629,24.93853442
"309","d3.2","warm",27.17502962,0.583471262,196.5401144,24.89025497,1799.370361,324.9570923,59.48863983,-0.869261629,24.93853442
"310","d3.2","warm",27.76334545,0.565409061,264.2560878,24.97000885,1799.502197,400.0888672,59.07164383,-0.869261629,24.93853442
"311","d3.2","warm",28.12353233,0.50573117,446.9596776,25.01250839,1799.602661,600.223938,57.38826752,-0.869261629,24.93853442
"312","d3.2","warm",28.22331669,0.388670757,612.9663466,25.20303726,1799.325195,800.5359497,53.69046021,-0.869261629,24.93853442
"313","d3.2","warm",28.32923264,0.233342877,921.1864895,25.23498917,1800.308594,1200.628662,49.08499527,-0.869261629,24.93853442
"314","d3.2","warm",28.14061472,0.136900482,1076.787052,25.11304474,1801.176758,1499.612427,44.22270203,-0.869261629,24.93853442
"315","d3.3","warm",7.053271904,0.639044248,19.09833935,24.98068619,1798.655273,49.60836411,63.74949646,-0.932206247333333,24.9420312233333
"316","d3.3","warm",13.40367653,0.636644457,42.2013246,24.96390533,1801.029907,100.4775162,63.70265961,-0.932206247333333,24.9420312233333
"317","d3.3","warm",19.70538194,0.648362845,66.31766222,24.9363842,1800.92688,151.2064667,63.88024139,-0.932206247333333,24.9420312233333
"318","d3.3","warm",24.90529145,0.653058834,94.20571005,24.91267395,1801.158447,201.3502655,63.91722107,-0.932206247333333,24.9420312233333
"319","d3.3","warm",28.48454619,0.645602268,126.7115726,24.9292202,1801.012939,250.6507263,63.77669144,-0.932206247333333,24.9420312233333
"320","d3.3","warm",30.95925907,0.609660331,183.87086,24.94218636,1801.259399,324.6044006,63.00941086,-0.932206247333333,24.9420312233333
"321","d3.3","warm",31.98371389,0.534987406,241.5480625,24.98523521,1801.38208,400.547821,61.24409866,-0.932206247333333,24.9420312233333
"322","d3.3","warm",32.61964748,0.381173509,393.2607048,25.14180946,1799.345093,600.5869751,56.78884506,-0.932206247333333,24.9420312233333
"323","d3.3","warm",31.64239442,0.177334606,441.6743441,25.09015274,1800.291138,800.9324951,48.92893982,-0.932206247333333,24.9420312233333
"324","d3.3","warm",31.49871734,0.133168469,737.0271604,25.08272934,1800.533691,1201.058838,46.56469345,-0.932206247333333,24.9420312233333
"325","d3.3","warm",31.47569663,0.115118138,968.2596173,25.09874916,1799.925781,1500.572998,45.37368774,-0.932206247333333,24.9420312233333
"326","j3.1","warm",6.897761877,0.464546686,13.41934337,24.96365547,1799.334961,49.76977539,61.58080673,-0.609511873666667,25.0133806866667
"327","j3.1","warm",13.32347582,0.454198821,27.93492808,24.91057396,1799.427002,99.26914215,61.31517029,-0.609511873666667,25.0133806866667
"328","j3.1","warm",18.5802176,0.399872969,41.12398074,24.99754143,1799.606934,149.7653656,59.71457291,-0.609511873666667,25.0133806866667
"329","j3.1","warm",22.68697915,0.356983879,55.90133907,25.05515862,1799.774658,199.8858795,58.2686882,-0.609511873666667,25.0133806866667
"330","j3.1","warm",26.48699919,0.325905883,70.1297901,25.10049057,1799.908813,249.9547729,57.14967346,-0.609511873666667,25.0133806866667
"331","j3.1","warm",30.33397261,0.293270603,101.4371541,25.10461617,1799.840698,325.0028992,56.18526077,-0.609511873666667,25.0133806866667
"332","j3.1","warm",31.9312595,0.24143758,126.981546,25.15996361,1800.050415,401.2090149,54.63739777,-0.609511873666667,25.0133806866667
"333","j3.1","warm",29.91220188,0.13368895,177.264978,25.27733803,1800.303833,599.3190918,48.8257637,-0.609511873666667,25.0133806866667
"334","j3.1","warm",31.61766292,0.099287419,219.7704237,25.21703529,1800.288452,800.671875,46.82979584,-0.609511873666667,25.0133806866667
"335","j3.1","warm",25.20459212,0.052507709,362.6145802,25.10271454,1800.370728,1201.185669,43.54176331,-0.609511873666667,25.0133806866667
"336","j3.1","warm",31.76159023,0.054965832,487.2424261,24.93851089,1799.887939,1500.429688,44.14661026,-0.609511873666667,25.0133806866667
"337","j3.2","warm",6.126171342,0.376740112,12.74629229,24.99698257,1800.060913,50.01501465,63.88706207,-0.965917587666667,25.00913048
"338","j3.2","warm",11.90983511,0.378532554,27.28150114,24.89024925,1799.923584,99.54095459,63.95841599,-0.965917587666667,25.00913048
"339","j3.2","warm",16.50880241,0.343071796,42.26983861,24.96509552,1799.994629,149.9182892,63.14313507,-0.965917587666667,25.00913048
"340","j3.2","warm",20.38740565,0.30475645,53.58727042,25.03606033,1799.950073,198.7437134,62.14511108,-0.965917587666667,25.00913048
"341","j3.2","warm",23.80228366,0.278412639,68.41996908,25.08854675,1799.940674,250.0989685,61.55846024,-0.965917587666667,25.00913048
"342","j3.2","warm",27.61436679,0.242172358,89.68481747,25.16886139,1799.189941,324.9637146,61.64014053,-0.965917587666667,25.00913048
"343","j3.2","warm",27.98932206,0.182644762,100.8863862,25.16452408,1799.21814,400.9502258,59.94100189,-0.965917587666667,25.00913048
"344","j3.2","warm",32.73588727,0.150745947,185.125269,25.13048363,1799.64563,599.854248,58.82687759,-0.965917587666667,25.00913048
"345","j3.2","warm",27.35774071,0.079418266,186.7551739,25.33662987,1799.838989,799.8712769,54.9621048,-0.965917587666667,25.00913048
"346","j3.2","warm",34.00948772,0.072596377,368.3105012,25.3076973,1799.927002,1200.224121,55.081707,-0.965917587666667,25.00913048
"347","j3.2","warm",29.47487562,0.045644764,386.8641304,25.41461945,1799.953979,1500.287109,53.69194794,-0.965917587666667,25.00913048
"348","j3.3","warm",7.29858859,0.521133123,14.04103974,25.04171181,1800.133179,49.68147278,64.76033783,-0.548825035333333,25.0577265433333
"349","j3.3","warm",14.11488545,0.531936067,32.1272534,24.95993042,1800.234619,100.2874527,65.13561249,-0.548825035333333,25.0577265433333
"350","j3.3","warm",19.61814953,0.486230007,50.56302007,24.96587372,1800.439941,151.1403656,64.02202606,-0.548825035333333,25.0577265433333
"351","j3.3","warm",24.67300803,0.452760311,68.7347844,24.96220779,1800.654907,201.4945374,63.17271423,-0.548825035333333,25.0577265433333
"352","j3.3","warm",28.70279818,0.430871199,90.8782578,24.9694767,1800.609863,250.8991089,62.74560928,-0.548825035333333,25.0577265433333
"353","j3.3","warm",32.95417374,0.409550296,134.0557082,24.93965912,1801.107666,325.1508179,62.2533493,-0.548825035333333,25.0577265433333
"354","j3.3","warm",34.85868546,0.369752901,182.1920366,25.00298882,1801.13562,400.5454712,61.23984146,-0.548825035333333,25.0577265433333
"355","j3.3","warm",35.11668926,0.232469122,285.0287507,25.23477745,1799.638794,600.0437012,56.48181152,-0.548825035333333,25.0577265433333
"356","j3.3","warm",31.21510165,0.113606069,290.8586143,25.14705658,1799.625488,801.027832,52.58577728,-0.548825035333333,25.0577265433333
"357","j3.3","warm",30.0371574,0.067142567,407.0170311,25.1144371,1800.1875,1200.083984,50.30360794,-0.548825035333333,25.0577265433333
"358","j3.3","warm",31.6325473,0.055240223,497.8280024,25.04304504,1800.603027,1500.219482,49.96501541,-0.548825035333333,25.0577265433333
"359","i1.1","cool",8.015923535,0.534342804,17.26795088,25.0416584,1800.293213,50.24412537,60.77088547,-0.860017704333333,24.9600512166667
"360","i1.1","cool",15.40688161,0.545939895,37.36722648,25.06601524,1799.049194,99.87680054,61.00017548,-0.860017704333333,24.9600512166667
"361","i1.1","cool",23.16245285,0.541140814,55.36081903,25.14103889,1800.168701,149.9449158,61.42036819,-0.860017704333333,24.9600512166667
"362","i1.1","cool",29.08856069,0.529560291,77.98286598,25.08727074,1800.201538,198.9065704,61.23135376,-0.860017704333333,24.9600512166667
"363","i1.1","cool",33.1813932,0.478362413,101.262374,25.11847115,1800.524414,250.4981842,60.25286102,-0.860017704333333,24.9600512166667
"364","i1.1","cool",36.44077531,0.389506353,132.2884215,25.08692169,1800.843872,325.0924072,58.64837646,-0.860017704333333,24.9600512166667
"365","i1.1","cool",38.35034407,0.317987344,160.3016343,24.96038246,1800.776123,399.808136,57.30246353,-0.860017704333333,24.9600512166667
"366","i1.1","cool",41.12900697,0.219228421,246.041434,24.81876945,1801.170532,599.7346802,55.73427582,-0.860017704333333,24.9600512166667
"367","i1.1","cool",42.44165307,0.165713981,331.1289656,24.86644745,1801.444946,800.2042847,53.71258926,-0.860017704333333,24.9600512166667
"368","i1.1","cool",43.15135796,0.125818251,581.5678072,24.97051811,1799.455078,1200.552246,51.84446716,-0.860017704333333,24.9600512166667
"369","i1.1","cool",43.69261698,0.109068609,781.4505689,24.8089447,1799.306763,1500.373901,52.98749161,-0.860017704333333,24.9600512166667
"370","i1.2","cool",6.715128471,0.450113198,19.51397304,24.47325897,1799.921875,50.11582184,56.79946899,-0.805396508,24.8776124333333
"371","i1.2","cool",13.86399265,0.456359989,38.09955659,24.31386375,1799.602539,100.4994812,60.85773468,-0.805396508,24.8776124333333
"372","i1.2","cool",20.72892057,0.464332846,57.36013613,25.74551392,1799.883423,149.8452759,47.7766037,-0.805396508,24.8776124333333
"373","i1.2","cool",26.6042338,0.399376,65.11888354,26.29959488,1800.009277,198.9555511,55.13196945,-0.805396508,24.8776124333333
"374","i1.2","cool",30.52765267,0.380148554,89.90053021,25.39135933,1800.841553,249.816803,57.89347839,-0.805396508,24.8776124333333
"375","i1.2","cool",32.62205367,0.32861648,131.9800108,24.18312263,1799.649414,325.0943604,59.53606415,-0.805396508,24.8776124333333
"376","i1.2","cool",33.70200768,0.242617164,140.9184216,24.4218502,1800.571655,399.818634,59.80083084,-0.805396508,24.8776124333333
"377","i1.2","cool",35.14854272,0.140491986,156.9011286,25.64853287,1801.41687,599.7735596,58.94734192,-0.805396508,24.8776124333333
"378","i1.2","cool",35.38734384,0.133651639,330.9707853,23.56134796,1800.113892,800.0245361,58.5710907,-0.805396508,24.8776124333333
"379","i1.2","cool",35.81222791,0.106003691,606.249297,23.29362679,1799.779907,1201.042358,58.34159851,-0.805396508,24.8776124333333
"380","i1.2","cool",37.13293632,0.095465611,815.6307903,23.3248806,1799.005249,1500.185425,57.00196457,-0.805396508,24.8776124333333
"381","i1.3","cool",6.867250204,0.462956792,19.50392993,25.02735138,1799.772461,49.62677765,61.59731293,-0.773801053333333,24.9076773333333
"382","i1.3","cool",13.78310201,0.472476291,40.56652472,24.94773483,1800.360596,100.0541687,62.32756805,-0.773801053333333,24.9076773333333
"383","i1.3","cool",20.56112964,0.462447757,59.90433685,24.8962307,1800.873657,150.1213989,62.67964172,-0.773801053333333,24.9076773333333
"384","i1.3","cool",24.68009203,0.434344235,85.63912978,24.91062164,1800.676392,199.8987579,62.65610123,-0.773801053333333,24.9076773333333
"385","i1.3","cool",26.69867071,0.37001341,108.7901715,25.01108551,1800.789429,250.2294006,62.01491547,-0.773801053333333,24.9076773333333
"386","i1.3","cool",28.41078809,0.277057046,132.1977405,25.15364075,1800.911499,325.0953674,60.60372925,-0.773801053333333,24.9076773333333
"387","i1.3","cool",29.28979174,0.214732652,150.7816533,25.17365456,1800.938477,399.8855591,60.2484436,-0.773801053333333,24.9076773333333
"388","i1.3","cool",31.50444253,0.15125025,230.7742317,25.10820389,1800.418457,600.5513916,61.02015686,-0.773801053333333,24.9076773333333
"389","i1.3","cool",32.73804676,0.121261643,326.8315072,25.07836151,1799.976074,800.3244629,61.34960556,-0.773801053333333,24.9076773333333
"390","i1.3","cool",34.3190188,0.092813752,557.0736977,25.09228134,1800.762695,1200.181519,61.7399025,-0.773801053333333,24.9076773333333
"391","i1.3","cool",34.24396721,0.084063918,789.8962304,24.91787338,1799.646606,1499.718872,61.7056694,-0.773801053333333,24.9076773333333
"392","i1.4","cool",6.674945171,0.416764112,18.09164261,24.97598457,1798.70813,49.94034958,61.36574936,-0.78,25
"393","i1.4","cool",12.62778525,0.42857387,40.71199582,24.94467163,1800.353394,99.76000977,62.43507767,-0.78,25
"394","i1.4","cool",19.40792466,0.431758504,59.84358504,24.99124718,1799.034912,149.9538269,63.19852448,-0.78,25
"395","i1.4","cool",24.85461188,0.421042399,82.00872703,25.15155411,1799.518433,199.9561157,63.7840004,-0.78,25
"396","i1.4","cool",28.19338407,0.394451791,108.8454822,25.01071167,1800.800049,250.2791901,64.9727478,-0.78,25
"397","i1.4","cool",31.11999771,0.327306399,141.6039959,25.05045128,1801.282715,324.570343,64.47930908,-0.78,25
"398","i1.4","cool",33.0781323,0.262763441,166.1227064,25.12793732,1799.843018,401.353241,63.81148911,-0.78,25
"399","i1.4","cool",34.81381383,0.179736261,250.9303666,25.0976181,1799.81543,599.8828735,63.37912369,-0.78,25
"400","i1.4","cool",36.10368103,0.138240255,338.6959091,25.0557518,1800.021118,800.428772,63.62335968,-0.78,25
"401","i1.4","cool",37.22483636,0.101772521,562.193035,25.10698509,1800.156616,1200.654053,63.82816315,-0.78,25
"402","i1.4","cool",37.26209905,0.088540937,766.902516,25.04795647,1800.534546,1499.906738,64.25206757,-0.78,25
"403","e1.1","cool",7.227229311,0.464633966,17.49538239,25.16020966,1800.235474,49.03212738,63.48996353,-0.633408248333333,24.8892103833333
"404","e1.1","cool",14.33274589,0.453432724,36.98226021,24.93972206,1799.88623,100.7690811,63.27843475,-0.633408248333333,24.8892103833333
"405","e1.1","cool",18.86087576,0.438630692,64.12042736,24.95318794,1800.462891,150.7492981,62.95735168,-0.633408248333333,24.8892103833333
"406","e1.1","cool",25.48431167,0.433060388,82.36978338,24.86351776,1801.008545,200.4337463,65.1087265,-0.633408248333333,24.8892103833333
"407","e1.1","cool",31.46746652,0.426857668,101.9281838,25.16573524,1801.150879,249.5385895,61.69181824,-0.633408248333333,24.8892103833333
"408","e1.1","cool",36.40847759,0.387263517,139.2700559,25.2817955,1800.950684,324.8529968,60.86743546,-0.633408248333333,24.8892103833333
"409","e1.1","cool",39.24272609,0.37500113,193.775599,24.69722176,1800.401855,399.8571472,65.42173767,-0.633408248333333,24.8892103833333
"410","e1.1","cool",40.75504568,0.262917017,308.2592301,24.90914726,1799.375732,600.5668335,62.14173508,-0.633408248333333,24.8892103833333
"411","e1.1","cool",40.21888021,0.187314571,407.9432442,25.07925987,1799.107544,799.7095947,60.11864471,-0.633408248333333,24.8892103833333
"412","e1.1","cool",43.64824094,0.111972362,812.1301587,24.57588387,1799.501587,1499.792969,60.10303497,-0.633408248333333,24.8892103833333
"413","e1.2","cool",7.520853962,0.530841337,19.84822411,25.19209862,1800.157715,48.86732864,67.18357086,-0.674223055333333,24.3328444166667
"414","e1.2","cool",14.91124739,0.495583924,40.03413668,24.86961365,1800.724243,100.7229385,68.75553131,-0.674223055333333,24.3328444166667
"415","e1.2","cool",18.37211471,0.464126332,71.45191183,25.01021767,1800.074585,150.8559723,67.3531189,-0.674223055333333,24.3328444166667
"416","e1.2","cool",23.87314297,0.436334482,92.80637099,24.9345932,1800.170288,201.1729279,69.64376831,-0.674223055333333,24.3328444166667
"417","e1.2","cool",28.36211324,0.406389904,114.7335171,24.79439354,1800.162842,251.1631927,70.87686157,-0.674223055333333,24.3328444166667
"418","e1.2","cool",32.98765019,0.3417157,141.0435886,24.67569542,1800.340332,324.5860901,69.79167938,-0.674223055333333,24.3328444166667
"419","e1.2","cool",37.89475984,0.288655735,156.5929318,25.24365234,1800.016479,400.6545715,71.72966003,-0.674223055333333,24.3328444166667
"420","e1.2","cool",38.63911449,0.179799522,219.3107956,25.15398979,1799.876099,600.560791,73.1088028,-0.674223055333333,24.3328444166667
"421","e1.2","cool",43.20067691,0.192205729,396.2929459,24.98998642,1800.162842,800.265564,70.3367691,-0.674223055333333,24.3328444166667
"422","e1.2","cool",44.47586607,0.096901195,415.6177068,24.94411087,1799.848633,1199.519043,73.06678009,-0.674223055333333,24.3328444166667
"423","e1.3","cool",7.097684167,0.357923366,11.1136045,25.07024002,1799.910278,50.10590744,64.89411926,-0.549020303333333,25.12354406
"424","e1.3","cool",13.33707874,0.336770498,23.20520412,25.10884285,1800.001831,100.3212738,66.65001678,-0.549020303333333,25.12354406
"425","e1.3","cool",18.30267932,0.34408404,45.66314543,24.79739571,1800.647583,149.8639984,67.42199707,-0.549020303333333,25.12354406
"426","e1.3","cool",24.03638993,0.332226031,58.8409057,24.95088005,1801.153687,199.7101593,66.86526489,-0.549020303333333,25.12354406
"427","e1.3","cool",29.40668862,0.330485938,76.96943994,24.97475815,1801.377808,250.1481934,67.55147552,-0.549020303333333,25.12354406
"428","e1.3","cool",34.65113172,0.321552488,115.4292969,24.99731636,1799.831543,324.79953,68.12762451,-0.549020303333333,25.12354406
"429","e1.3","cool",37.50934418,0.298620893,157.9683309,25.00130463,1799.914185,399.9085083,68.30527496,-0.549020303333333,25.12354406
"430","e1.3","cool",39.44490818,0.236848788,286.410515,25.06664658,1799.78125,599.7781982,68.16793823,-0.549020303333333,25.12354406
"431","e1.3","cool",41.02469175,0.170093532,362.3172467,25.11273956,1800.033936,800.1254272,67.17137909,-0.549020303333333,25.12354406
"432","e1.3","cool",41.85526062,0.078031248,577.1781914,25.17718124,1800.274658,1499.732056,66.51475525,-0.549020303333333,25.12354406
"433","g1.1","cool",5.045314044,0.335537542,22.53145042,24.90214157,1799.935181,50.20895767,58.7412796,-0.769318711,24.9214477566667
"434","g1.1","cool",11.55935817,0.354475233,39.9530076,24.73904419,1800.050171,100.0062866,61.51993179,-0.769318711,24.9214477566667
"435","g1.1","cool",17.92845713,0.387618621,63.39545283,25.18259048,1800.290771,149.6888275,56.60938263,-0.769318711,24.9214477566667
"436","g1.1","cool",25.43822495,0.394476506,79.06562279,25.10979843,1800.556152,199.2935944,58.27914047,-0.769318711,24.9214477566667
"437","g1.1","cool",30.76239253,0.402914157,107.0416172,25.08930779,1800.377808,250.0806732,59.0027504,-0.769318711,24.9214477566667
"438","g1.1","cool",33.45497074,0.402172864,168.0879325,25.01182556,1800.295288,325.2903748,59.55528259,-0.769318711,24.9214477566667
"439","g1.1","cool",33.47056318,0.387933921,235.6519464,24.88743019,1800.288696,399.6594543,60.21128082,-0.769318711,24.9214477566667
"440","g1.1","cool",34.19950978,0.357471821,415.0631221,24.85599709,1800.482422,599.6391602,59.71910858,-0.769318711,24.9214477566667
"441","g1.1","cool",35.68077596,0.330956359,590.0157477,24.882864,1801.006958,800.0346069,59.41428757,-0.769318711,24.9214477566667
"442","g1.1","cool",36.16273544,0.323059337,974.4729468,24.18113327,1800.52063,1199.973267,58.70268631,-0.769318711,24.9214477566667
"443","g1.1","cool",38.31086295,0.264054519,1208.977969,25.02134323,1800.458008,1499.062134,59.59755325,-0.769318711,24.9214477566667
"444","g1.2","cool",5.426403115,0.304454013,17.84828317,25.07746124,1798.863159,50.14451599,57.37491226,-0.963866749333333,24.9681886033333
"445","g1.2","cool",11.17652254,0.316732849,35.65658545,24.62098694,1799.371704,99.72637177,59.2080307,-0.963866749333333,24.9681886033333
"446","g1.2","cool",18.15628377,0.335681784,51.51625108,24.86144638,1799.902588,150.2166901,57.74051666,-0.963866749333333,24.9681886033333
"447","g1.2","cool",25.1305265,0.361492119,71.48745471,24.41801834,1800.104614,199.2127838,57.19502258,-0.963866749333333,24.9681886033333
"448","g1.2","cool",29.60023831,0.33655128,90.26358863,24.83616829,1799.875,250.8927155,60.62755585,-0.963866749333333,24.9681886033333
"449","g1.2","cool",33.06173348,0.34018581,145.8231613,24.79557228,1800.53894,324.7218628,59.26763916,-0.963866749333333,24.9681886033333
"450","g1.2","cool",33.9782048,0.31996026,205.3213505,24.88877678,1800.664185,401.0363464,58.40945816,-0.963866749333333,24.9681886033333
"451","g1.2","cool",35.02131598,0.287309269,373.2729317,24.77839088,1800.597412,599.536438,58.78207779,-0.963866749333333,24.9681886033333
"452","g1.2","cool",35.1782734,0.250679548,538.9022993,24.96385384,1800.302856,800.2034912,57.1592598,-0.963866749333333,24.9681886033333
"453","g1.2","cool",37.0948691,0.211446535,871.1845276,24.996315,1799.957886,1200.103394,56.3984108,-0.963866749333333,24.9681886033333
"454","g1.2","cool",39.21598389,0.170717673,1076.224335,25.09227943,1799.856812,1500.748413,55.31580734,-0.963866749333333,24.9681886033333
"455","g1.3","cool",4.912646252,0.356749961,24.79635309,25.18162346,1800.018311,50.12850571,57.4258728,-0.993028346333333,24.9983857466667
"456","g1.3","cool",12.31607823,0.374573542,39.75804978,24.82771492,1800.263794,99.8588562,59.57025528,-0.993028346333333,24.9983857466667
"457","g1.3","cool",20.09689191,0.405205478,58.50265586,24.71026421,1801.304199,149.7471771,58.78663254,-0.993028346333333,24.9983857466667
"458","g1.3","cool",25.9717628,0.429371428,87.42930915,24.73476791,1800.283813,199.7988586,56.89020157,-0.993028346333333,24.9983857466667
"459","g1.3","cool",32.6564737,0.419877712,106.9222401,24.98504639,1799.046509,251.0385437,57.86233521,-0.993028346333333,24.9983857466667
"460","g1.3","cool",36.09410253,0.40132166,157.9599973,25.04673195,1798.812012,324.8600464,57.84085083,-0.993028346333333,24.9983857466667
"461","g1.3","cool",37.38481636,0.376861861,217.0998529,24.86861992,1798.937866,401.1055298,59.81781769,-0.993028346333333,24.9983857466667
"462","g1.3","cool",38.35813557,0.347354021,392.3279044,24.92193794,1799.598022,599.932251,58.99146271,-0.993028346333333,24.9983857466667
"463","g1.3","cool",40.51408341,0.294500748,542.9466576,24.84568214,1799.558105,799.6671753,59.53613663,-0.993028346333333,24.9983857466667
"464","g1.3","cool",42.43241214,0.241397421,871.452902,24.91094971,1799.588623,1200.50769,58.5466423,-0.993028346333333,24.9983857466667
"465","g1.3","cool",41.93100438,0.186311241,1084.067071,25.01153564,1799.298584,1499.443359,57.9189682,-0.993028346333333,24.9983857466667
"466","m1.1","cool",9.261747811,0.823107938,14.47991753,24.88256454,1800.81604,49.06369019,61.18037415,-0.83040008,24.9359467833333
"467","m1.1","cool",18.5690288,0.865641759,33.13439363,24.9616127,1800.015625,100.8082352,61.09437943,-0.83040008,24.9359467833333
"468","m1.1","cool",27.00825561,0.867784436,51.90161577,25.04190826,1799.775391,150.3547211,61.18982697,-0.83040008,24.9359467833333
"469","m1.1","cool",34.54097406,0.872605739,74.87553065,25.03078461,1799.821411,200.7047577,61.19890213,-0.83040008,24.9359467833333
"470","m1.1","cool",40.31933154,0.855876385,101.4559881,25.05350876,1799.995728,250.3029633,60.96237183,-0.83040008,24.9359467833333
"471","m1.1","cool",44.89156452,0.818144533,154.0248233,25.0526371,1800.315674,325.1254578,60.28371429,-0.83040008,24.9359467833333
"472","m1.1","cool",46.0921603,0.736660757,212.5891988,25.20747757,1800.721558,400.5171204,57.5848465,-0.83040008,24.9359467833333
"473","m1.1","cool",46.23548364,0.597930636,383.1477094,24.91090393,1800.208252,601.2775269,55.52335739,-0.83040008,24.9359467833333
"474","m1.1","cool",46.65491787,0.458005284,535.34163,25.06045723,1798.956543,800.3236084,51.2224617,-0.83040008,24.9359467833333
"475","m1.1","cool",46.78881923,0.334023177,859.8904451,25.10430336,1801.174438,1200.295776,46.90090942,-0.83040008,24.9359467833333
"476","m1.1","cool",46.78033214,0.220208774,1034.293495,25.09936714,1799.563354,1500.676392,41.00849915,-0.83040008,24.9359467833333
"477","m1.2","cool",8.336719694,0.56951549,10.79768683,25.01831627,1799.087769,49.24885178,60.22573471,-0.940457469333333,24.8244031233333
"478","m1.2","cool",16.83135094,0.611290401,25.7309377,24.97552872,1799.759155,100.1956253,61.33526611,-0.940457469333333,24.8244031233333
"479","m1.2","cool",24.73921122,0.614418098,42.02239045,24.99579048,1799.066406,151.2920074,61.34755325,-0.940457469333333,24.8244031233333
"480","m1.2","cool",31.48080547,0.61261461,60.9520506,24.99034309,1800.049561,200.5117645,61.30963135,-0.940457469333333,24.8244031233333
"481","m1.2","cool",36.60136797,0.605109865,86.24480361,24.96401596,1800.665527,250.250885,61.09622574,-0.940457469333333,24.8244031233333
"482","m1.2","cool",40.65374734,0.584968781,137.5857285,25.03015137,1799.977783,325.0535583,60.57485962,-0.940457469333333,24.8244031233333
"483","m1.2","cool",41.95617437,0.540390474,195.2651378,25.15040588,1799.34436,400.4482727,59.7834816,-0.940457469333333,24.8244031233333
"484","m1.2","cool",42.15882515,0.462019587,366.4482686,25.15860558,1799.001221,600.6237793,58.45682144,-0.940457469333333,24.8244031233333
"485","m1.2","cool",41.74776764,0.35342561,516.9515517,25.30565643,1798.809814,800.6223145,55.06835175,-0.940457469333333,24.8244031233333
"486","m1.2","cool",41.72378881,0.230401052,801.8182122,25.44890022,1798.820313,1200.678589,48.58657074,-0.940457469333333,24.8244031233333
"487","m1.2","cool",42.05216729,0.139667271,899.2197285,25.640728,1798.822266,1500.497925,41.93309021,-0.940457469333333,24.8244031233333
"488","m1.3","cool",6.711895452,0.4006957,10.20887511,25.12972069,1799.904297,49.26704788,61.800354,-0.691593985,25.0911706266667
"489","m1.3","cool",14.12956728,0.450075486,24.153396,25.1151104,1801.131348,100.1428223,63.71228409,-0.691593985,25.0911706266667
"490","m1.3","cool",21.39380199,0.470146442,39.45727122,25.04559898,1801.199463,151.2751465,64.39801025,-0.691593985,25.0911706266667
"491","m1.3","cool",28.02471454,0.488933414,57.45885583,24.98137474,1801.136353,200.3363037,65.17784882,-0.691593985,25.0911706266667
"492","m1.3","cool",32.99783029,0.497451181,84.54404115,24.89463043,1799.166626,251.3909302,65.58836365,-0.691593985,25.0911706266667
"493","m1.3","cool",36.43625965,0.501718769,139.8615382,24.96819878,1798.962036,324.5921326,66.07294464,-0.691593985,25.0911706266667
"494","m1.3","cool",37.70982606,0.487105896,203.83755,25.03779221,1799.02832,400.6653137,65.88481903,-0.691593985,25.0911706266667
"495","m1.3","cool",38.58541825,0.433445746,377.4942877,25.17899132,1799.090454,600.6662598,64.32565308,-0.691593985,25.0911706266667
"496","m1.3","cool",38.21465996,0.34130632,534.409209,25.19371986,1799.202759,799.9386597,62.95940781,-0.691593985,25.0911706266667
"497","m1.3","cool",37.94233586,0.244207776,852.3850141,25.26755142,1799.444336,1199.879761,59.03666687,-0.691593985,25.0911706266667
"498","m1.3","cool",37.78388799,0.141960643,968.2381932,25.15237045,1800.161865,1500.642578,53.45375443,-0.691593985,25.0911706266667
"499","a1.1","cool",0.620345654,0.555029884,45.09586938,24.84717178,1799.702026,49.41968536,61.0409317,-0.977585256333333,24.94838778
"500","a1.1","cool",4.967123313,0.64426697,77.21177722,24.86055756,1799.254517,100.4458847,62.82170868,-0.977585256333333,24.94838778
"501","a1.1","cool",8.813148297,0.6228872,109.0350278,24.89641953,1799.022705,150.1439362,62.30987167,-0.977585256333333,24.94838778
"502","a1.1","cool",11.6610665,0.482286114,137.0504943,25.08379745,1800.235107,200.3027954,58.56826782,-0.977585256333333,24.94838778
"503","a1.1","cool",13.99571937,0.392969647,163.4794817,25.12779427,1800.018921,250.2452545,56.35821533,-0.977585256333333,24.94838778
"504","a1.1","cool",15.79916132,0.318797041,186.3846321,25.151968,1799.793701,299.777832,53.87960052,-0.977585256333333,24.94838778
"505","a1.1","cool",20.16022066,0.181672245,275.7512673,25.13988113,1799.557983,500.0250244,48.11582947,-0.977585256333333,24.94838778
"506","a1.1","cool",25.62774561,0.136858461,388.3847998,25.12239647,1799.767334,750.4153442,45.24354553,-0.977585256333333,24.94838778
"507","a1.1","cool",31.19240043,0.127209671,530.0667748,25.09289742,1799.89856,1001.03363,44.54677963,-0.977585256333333,24.94838778
"508","a1.1","cool",35.44800225,0.118194951,677.4275917,25.05945587,1800.943848,1250.119751,43.89523315,-0.977585256333333,24.94838778
"509","a1.1","cool",38.63225384,0.112880116,846.8827751,25.02630615,1801.128418,1500.097046,43.4587326,-0.977585256333333,24.94838778
"510","a1.1","cool",40.0714701,0.100442885,1044.928671,25.07236862,1800.331787,1800.760132,42.46926117,-0.977585256333333,24.94838778
"511","a1.2","cool",0.581109576,0.554455797,45.77745167,24.62926674,1799.7052,49.6368866,65.27848053,-0.880842714333333,24.9170481366667
"512","a1.2","cool",5.298092183,0.62011491,77.29207623,24.85123062,1799.273071,100.6667023,67.67578125,-0.880842714333333,24.9170481366667
"513","a1.2","cool",9.44086779,0.657692871,110.5342973,24.91585541,1799.284302,149.9087372,68.69416809,-0.880842714333333,24.9170481366667
"514","a1.2","cool",13.37266243,0.639963922,145.1174453,24.57985687,1799.27771,201.2623444,68.16104126,-0.880842714333333,24.9170481366667
"515","a1.2","cool",16.18747102,0.547704807,175.6084303,24.94105721,1799.096802,250.7006836,68.13791656,-0.880842714333333,24.9170481366667
"516","a1.2","cool",18.81422796,0.470682736,203.0985378,25.02680779,1799.009766,299.5333252,66.90628815,-0.880842714333333,24.9170481366667
"517","a1.2","cool",27.40302133,0.342764802,323.0630699,25.20495605,1798.938721,499.9831543,64.70039368,-0.880842714333333,24.9170481366667
"518","a1.2","cool",28.66776154,0.191993225,455.196407,24.78102684,1800.863281,750.1635132,61.88107681,-0.880842714333333,24.9170481366667
"519","a1.2","cool",34.11959759,0.15582228,580.8604555,24.90925789,1799.201904,1000.410461,57.79834747,-0.880842714333333,24.9170481366667
"520","a1.2","cool",33.7908147,0.108078917,675.1969271,25.07527924,1799.455444,1249.914551,56.42502975,-0.880842714333333,24.9170481366667
"521","a1.2","cool",38.39937876,0.100884725,803.4151563,25.27483749,1799.986816,1499.232422,57.62711334,-0.880842714333333,24.9170481366667
"522","a1.2","cool",42.11505894,0.108532769,1079.717782,24.98336792,1799.619385,1799.420776,60.4570694,-0.880842714333333,24.9170481366667
"523","a1.3","cool",0.545003006,0.596327872,45.29680116,25.08227921,1799.939453,49.27878571,57.21985626,-0.859180456333333,24.9321409866667
"524","a1.3","cool",5.361761902,0.66326239,76.19010094,24.96187782,1799.948242,100.3608093,58.12164688,-0.859180456333333,24.9321409866667
"525","a1.3","cool",9.976754347,0.732153812,110.1086781,24.30556488,1799.833496,151.3810425,58.0981369,-0.859180456333333,24.9321409866667
"526","a1.3","cool",13.49730023,0.591721811,138.0455906,25.1130867,1799.986694,201.1215973,55.7746582,-0.859180456333333,24.9321409866667
"527","a1.3","cool",15.85909539,0.458656766,164.1179417,25.26331139,1799.328613,251.2486115,51.98411179,-0.859180456333333,24.9321409866667
"528","a1.3","cool",17.95260261,0.384690944,188.4382739,25.08376694,1799.155884,299.4647217,50.46600342,-0.859180456333333,24.9321409866667
"529","a1.3","cool",23.37809918,0.218264683,277.3852454,25.24724579,1799.954712,499.5700684,42.70668793,-0.859180456333333,24.9321409866667
"530","a1.3","cool",27.76415336,0.145457377,379.3985439,25.28008461,1800.571045,749.7879639,38.29714203,-0.859180456333333,24.9321409866667
"531","a1.3","cool",34.83735487,0.136216727,508.3230915,25.0682106,1801.231812,1000.555725,38.22571564,-0.859180456333333,24.9321409866667
"532","a1.3","cool",39.10867252,0.136623075,695.9552522,24.61255455,1800.633789,1250.942139,33.92004395,-0.859180456333333,24.9321409866667
"533","a1.3","cool",44.06956707,0.12141643,802.7589473,25.73655701,1800.881714,1499.043335,35.35108948,-0.859180456333333,24.9321409866667
"534","a1.3","cool",45.83532442,0.107893658,993.0991124,25.35551071,1799.056641,1800.055298,35.32093811,-0.859180456333333,24.9321409866667
"535","f1.1","cool",6.214584264,0.284612019,8.804456413,25.60977745,1800.265381,50.02974701,59.2354126,-0.589634538666667,25.1359736133333
"536","f1.1","cool",13.42325487,0.367956597,28.97424169,24.63030052,1799.975098,100.7485275,56.72372818,-0.589634538666667,25.1359736133333
"537","f1.1","cool",20.31341542,0.342444985,33.87591064,25.90368843,1799.532349,149.2242737,58.12138748,-0.589634538666667,25.1359736133333
"538","f1.1","cool",25.16891429,0.400533319,73.99448477,24.29771233,1799.493896,199.9341736,62.85905457,-0.589634538666667,25.1359736133333
"539","f1.1","cool",28.36245709,0.394930501,106.7795572,24.44061852,1799.813965,251.0481873,62.24419403,-0.589634538666667,25.1359736133333
"540","f1.1","cool",28.64599291,0.340829934,158.5945342,25.24637222,1799.833618,325.0367432,64.86521912,-0.589634538666667,25.1359736133333
"541","f1.1","cool",28.92493292,0.334316352,227.4175911,25.13762665,1800.492554,400.1357117,63.61407089,-0.589634538666667,25.1359736133333
"542","f1.1","cool",29.61063293,0.310506541,407.2551583,24.87408638,1801.082764,600.0730591,65.43553925,-0.589634538666667,25.1359736133333
"543","f1.1","cool",31.1789691,0.315570533,594.2376623,25.12683868,1799.589111,800.1131592,56.27438354,-0.589634538666667,25.1359736133333
"544","f1.1","cool",32.49781166,0.296001544,966.1642137,24.40930557,1799.601074,1200.209351,59.93588638,-0.589634538666667,25.1359736133333
"545","f1.1","cool",32.35479927,0.251757755,1226.022386,24.89817619,1799.135864,1499.972168,61.3161087,-0.589634538666667,25.1359736133333
"546","f1.2","cool",5.5086713,0.316073235,16.09397853,25.03161812,1799.995483,50.07599258,56.56592941,-0.563455120333333,24.7657082866667
"547","f1.2","cool",12.27689316,0.341925281,28.96246922,24.91235352,1800.39209,99.6862793,57.21525574,-0.563455120333333,24.7657082866667
"548","f1.2","cool",18.66881002,0.357551796,45.02061962,24.86977959,1800.175659,148.7017975,57.58533478,-0.563455120333333,24.7657082866667
"549","f1.2","cool",24.49736731,0.36443259,65.99468536,24.87606812,1800.288086,200.145874,57.77355576,-0.563455120333333,24.7657082866667
"550","f1.2","cool",27.664358,0.368250093,99.94050604,24.97786713,1800.464355,250.953186,56.71141815,-0.563455120333333,24.7657082866667
"551","f1.2","cool",29.96283419,0.360004323,156.9996328,25.11274338,1800.567383,325.1364136,56.33288193,-0.563455120333333,24.7657082866667
"552","f1.2","cool",30.36525801,0.345900875,222.5671691,25.0941391,1800.614258,400.4625854,56.39251328,-0.563455120333333,24.7657082866667
"553","f1.2","cool",31.17713681,0.320361622,401.0659169,25.1193943,1800.898193,600.687561,55.79452896,-0.563455120333333,24.7657082866667
"554","f1.2","cool",31.71538192,0.291131558,576.0894711,25.12134552,1800.913208,800.5119019,55.44778061,-0.563455120333333,24.7657082866667
"555","f1.2","cool",32.719777,0.253583836,931.4709217,25.11869621,1801.312866,1200.531128,54.45394516,-0.563455120333333,24.7657082866667
"556","f1.2","cool",33.43277101,0.2151578,1179.45712,25.09696198,1801.199463,1499.841675,53.69898605,-0.563455120333333,24.7657082866667
"557","f1.3","cool",5.825928567,0.31745507,14.68381326,25.17109871,1800.628662,50.44646454,59.73664093,-0.619004239666667,24.9680576333333
"558","f1.3","cool",12.10981167,0.360379905,31.7609498,24.37140465,1801.146484,98.58569336,60.62493515,-0.619004239666667,24.9680576333333
"559","f1.3","cool",18.43794058,0.373986578,49.97066663,24.4554615,1799.754028,148.7578888,61.3524704,-0.619004239666667,24.9680576333333
"560","f1.3","cool",23.67209862,0.383105702,74.61242769,25.02486801,1799.619141,199.5173645,57.259552,-0.619004239666667,24.9680576333333
"561","f1.3","cool",26.8982651,0.389489733,109.6161138,25.11163139,1799.568481,250.4589691,57.42731094,-0.619004239666667,24.9680576333333
"562","f1.3","cool",28.70400108,0.380422854,170.6430038,25.15711975,1799.539917,325.4647827,57.72579956,-0.619004239666667,24.9680576333333
"563","f1.3","cool",29.56360489,0.364821686,233.295974,25.12470055,1799.536377,399.8929138,57.83568954,-0.619004239666667,24.9680576333333
"564","f1.3","cool",30.76180055,0.334808224,409.4801462,25.09571838,1799.919067,600.2157593,57.56443405,-0.619004239666667,24.9680576333333
"565","f1.3","cool",31.98560829,0.299781816,578.8730165,25.10698509,1800.756714,800.1508179,56.69213867,-0.619004239666667,24.9680576333333
"566","f1.3","cool",32.80705698,0.260370518,935.6094194,25.13820457,1800.290283,1200.328613,55.5918045,-0.619004239666667,24.9680576333333
"567","f1.3","cool",34.43702145,0.228557687,1185.627341,25.08636856,1800.472046,1499.763672,55.8930397,-0.619004239666667,24.9680576333333
"568","h1.1","cool",6.669113533,0.476418765,16.88874027,25.11468887,1799.532715,49.42192078,64.40187836,-0.718650934333333,25.1231295266667
"569","h1.1","cool",12.46553251,0.456976891,38.07848336,24.85186577,1799.567627,100.85289,63.15461731,-0.718650934333333,25.1231295266667
"570","h1.1","cool",17.9478898,0.447119686,57.98831014,24.96649742,1798.89502,149.9234467,62.22616959,-0.718650934333333,25.1231295266667
"571","h1.1","cool",23.5926116,0.436568939,77.67298786,25.07248878,1799.623169,200.6929321,61.92797089,-0.718650934333333,25.1231295266667
"572","h1.1","cool",28.49846625,0.426493162,100.0658926,25.13057137,1799.209595,251.4151611,61.64418411,-0.718650934333333,25.1231295266667
"573","h1.1","cool",29.30643865,0.4393068,98.00211641,25.09582901,1798.696411,250.1886444,62.47408676,-0.718650934333333,25.1231295266667
"574","h1.1","cool",34.21230815,0.41966974,140.3468428,25.09722137,1800.331055,324.7845154,61.93246841,-0.718650934333333,25.1231295266667
"575","h1.1","cool",37.08993825,0.38801505,187.8642203,25.12275505,1800.39978,400.7609863,60.90785599,-0.718650934333333,25.1231295266667
"576","h1.1","cool",39.43136306,0.311470483,329.5586632,25.20449257,1800.029541,601.0429688,59.34325027,-0.718650934333333,25.1231295266667
"577","h1.1","cool",39.86011204,0.224866741,442.1874508,25.15904808,1799.943848,800.7706299,55.99901581,-0.718650934333333,25.1231295266667
"578","h1.1","cool",39.84196005,0.144501219,673.1502856,25.09264183,1800.665161,1200.221436,51.97107697,-0.718650934333333,25.1231295266667
"579","h1.1","cool",38.92938241,0.098482867,777.3776521,24.84507751,1799.481445,1501.192749,48.42709732,-0.718650934333333,25.1231295266667
"580","h1.2","cool",6.767061766,0.625771086,19.35944233,24.9995575,1799.452148,48.98301697,68.39202881,-0.809653678333333,24.9749457033333
"581","h1.2","cool",13.10124276,0.621336195,43.08366433,24.94417191,1799.908813,100.8323898,67.89565277,-0.809653678333333,24.9749457033333
"582","h1.2","cool",19.68696455,0.624839062,64.76573708,24.8238678,1800.776733,151.2101135,67.87625122,-0.809653678333333,24.9749457033333
"583","h1.2","cool",25.76872809,0.620185872,87.6837851,24.92487907,1800.048584,201.4466858,67.89490509,-0.809653678333333,24.9749457033333
"584","h1.2","cool",30.83966905,0.624144865,114.2265741,24.82847404,1800.000488,250.0703735,67.99993134,-0.809653678333333,24.9749457033333
"585","h1.2","cool",35.54312336,0.599347299,163.4706962,24.88846397,1800.516357,324.807373,67.63265991,-0.809653678333333,24.9749457033333
"586","h1.2","cool",38.09862865,0.571119307,220.8130424,24.90696716,1800.253662,400.192627,67.08348846,-0.809653678333333,24.9749457033333
"587","h1.2","cool",39.68978828,0.522837766,399.1098432,24.94122314,1799.970825,601.3695068,65.97380066,-0.809653678333333,24.9749457033333
"588","h1.2","cool",39.74543778,0.45802019,574.5933074,25.0346489,1800.508179,800.0379639,64.38449097,-0.809653678333333,24.9749457033333
"589","h1.2","cool",39.76302234,0.365344374,927.9263267,24.98261642,1799.952393,1200.092041,62.38367462,-0.809653678333333,24.9749457033333
"590","h1.2","cool",39.75185124,0.243233987,1131.228712,25.06350327,1801.327759,1499.74292,57.53816605,-0.809653678333333,24.9749457033333
"591","h1.3","cool",7.330675546,0.648986691,19.23558694,24.99430084,1800.326416,49.46051788,64.98963928,-0.553291104333333,24.98571841
"592","h1.3","cool",14.53175339,0.666435364,41.46101227,24.88908958,1800.577148,100.5042038,65.30169678,-0.553291104333333,24.98571841
"593","h1.3","cool",21.10807364,0.652208466,62.84142922,24.88622856,1801.077515,149.7982025,64.60890961,-0.553291104333333,24.98571841
"594","h1.3","cool",27.34833236,0.619336976,83.82752415,24.91275024,1800.16748,200.2046814,64.08273315,-0.553291104333333,24.98571841
"595","h1.3","cool",32.11376399,0.608143414,111.1619186,24.88584709,1799.858521,249.7252502,63.88097,-0.553291104333333,24.98571841
"596","h1.3","cool",37.55611392,0.584160519,157.616193,24.89677238,1800.406006,324.6367188,63.44142151,-0.553291104333333,24.98571841
"597","h1.3","cool",40.46055796,0.55957528,214.5798134,24.9292717,1800.060791,400.8608398,62.92991257,-0.553291104333333,24.98571841
"598","h1.3","cool",42.04453196,0.514653981,391.4100015,24.96471786,1799.921143,600.9197388,61.80444336,-0.553291104333333,24.98571841
"599","h1.3","cool",42.8110856,0.429817666,555.91377,25.01654434,1799.77417,801.1785889,59.35890579,-0.553291104333333,24.98571841
"600","h1.3","cool",43.19207167,0.314997806,882.1996908,25.1868782,1798.920288,1200.593628,55.50545883,-0.553291104333333,24.98571841
"601","h1.3","cool",43.26182917,0.202390624,1051.154822,25.1137867,1800.669189,1500.794556,50.86406708,-0.553291104333333,24.98571841
"602","c1.1","cool",2.623300424,0.643463372,40.8156345,24.76528549,1799.468018,50.1657486,58.50953293,-0.745816526333333,24.8574263266667
"603","c1.1","cool",7.629967824,0.704647132,76.21622369,24.36271095,1799.674683,100.3858337,56.74529648,-0.745816526333333,24.8574263266667
"604","c1.1","cool",12.34707623,0.699271007,109.7198139,24.98604393,1799.714355,148.8921814,56.97114182,-0.745816526333333,24.8574263266667
"605","c1.1","cool",17.27753973,0.713423817,146.7708168,24.90564346,1799.441895,200.519577,58.93022156,-0.745816526333333,24.8574263266667
"606","c1.1","cool",21.24482565,0.739118855,186.0000534,24.89492989,1799.956543,250.5140686,58.20056915,-0.745816526333333,24.8574263266667
"607","c1.1","cool",23.58248348,0.753568653,228.9682147,24.31787682,1799.864746,299.7437744,59.38660049,-0.745816526333333,24.8574263266667
"608","c1.1","cool",31.93735421,0.685257264,394.802096,24.72345543,1800.736694,500.304657,57.73360062,-0.745816526333333,24.8574263266667
"609","c1.1","cool",37.37458256,0.583173828,606.3228219,24.79031944,1799.685547,749.5286255,58.98235321,-0.745816526333333,24.8574263266667
"610","c1.1","cool",38.49867529,0.518518493,833.0958517,24.85999107,1798.775024,1000.110962,58.67358398,-0.745816526333333,24.8574263266667
"611","c1.1","cool",37.39624515,0.485236519,1071.899106,25.10913849,1800.350342,1250.656006,55.0779686,-0.745816526333333,24.8574263266667
"612","c1.1","cool",38.42943719,0.455360364,1302.082769,25.10744858,1799.816772,1500.263428,55.70240021,-0.745816526333333,24.8574263266667
"613","c1.1","cool",38.5390747,0.437731069,1588.461604,24.85054016,1799.74646,1799.877075,57.42593384,-0.745816526333333,24.8574263266667
"614","c1.2","cool",2.451351585,0.539411266,40.20922592,24.74674225,1798.971802,50.1762085,56.71114731,-0.794205183666667,24.8036568966667
"615","c1.2","cool",7.334050479,0.555333996,71.80760218,24.80696487,1799.77771,99.62889862,58.59489441,-0.794205183666667,24.8036568966667
"616","c1.2","cool",12.21018759,0.580882235,104.3674002,24.91498375,1800.629883,148.7177277,57.15818024,-0.794205183666667,24.8036568966667
"617","c1.2","cool",16.70793076,0.601291223,141.1896808,24.96237373,1800.072144,200.2637482,57.14559555,-0.794205183666667,24.8036568966667
"618","c1.2","cool",21.15714286,0.621254269,177.4508512,24.83307838,1800.019897,250.293335,58.18001556,-0.794205183666667,24.8036568966667
"619","c1.2","cool",23.80488791,0.605137482,215.645864,24.89586449,1800.299194,299.7851868,57.52746201,-0.794205183666667,24.8036568966667
"620","c1.2","cool",32.52580224,0.562169242,374.7827359,24.91837502,1799.788574,498.7984619,56.94197464,-0.794205183666667,24.8036568966667
"621","c1.2","cool",38.05898999,0.511664194,589.5884756,24.90404892,1799.662598,749.9923096,56.78160858,-0.794205183666667,24.8036568966667
"622","c1.2","cool",40.47297004,0.459703811,810.0528359,24.95309258,1800.258179,1000.766724,55.560009,-0.794205183666667,24.8036568966667
"623","c1.2","cool",41.32062299,0.417362691,1034.415577,24.96768951,1800.228516,1250.223633,54.91815186,-0.794205183666667,24.8036568966667
"624","c1.2","cool",40.72559478,0.381480163,1265.178565,25.03609276,1799.721802,1500.439575,54.20700073,-0.794205183666667,24.8036568966667
"625","c1.2","cool",41.33506749,0.347769861,1537.482015,24.86586761,1799.580933,1800.158691,55.36655807,-0.794205183666667,24.8036568966667
"626","c1.3","cool",2.580616394,0.486475834,38.64770694,25.05630875,1799.947021,49.96096039,55.67486191,-1.54720951766667,24.9900220233333
"627","c1.3","cool",6.81668157,0.493211042,70.88148202,24.87889099,1799.770752,99.46612549,55.90071487,-1.54720951766667,24.9900220233333
"628","c1.3","cool",11.39320937,0.517348809,103.1129021,24.9741478,1800.307007,148.708374,55.63025665,-1.54720951766667,24.9900220233333
"629","c1.3","cool",15.89882218,0.558831771,140.569516,24.70631981,1800.542603,200.2290344,58.29990387,-1.54720951766667,24.9900220233333
"630","c1.3","cool",20.40410241,0.591822503,177.2531006,24.8354187,1800.94104,250.4799805,57.27122116,-1.54720951766667,24.9900220233333
"631","c1.3","cool",23.45524489,0.594929408,215.5633237,24.86114311,1799.65271,299.7537231,56.84582901,-1.54720951766667,24.9900220233333
"632","c1.3","cool",31.76408892,0.533863625,372.2746256,24.96828842,1799.407104,498.7441406,55.65812302,-1.54720951766667,24.9900220233333
"633","c1.3","cool",38.59615059,0.438208219,567.3881903,24.9694519,1799.128174,750.2375488,55.36543274,-1.54720951766667,24.9900220233333
"634","c1.3","cool",41.11450427,0.377097328,775.1164234,25.01818085,1799.101685,999.975708,54.5552063,-1.54720951766667,24.9900220233333
"635","c1.3","cool",41.83052265,0.355077758,1003.790536,25.03874969,1798.992065,1250.432251,54.15457916,-1.54720951766667,24.9900220233333
"636","c1.3","cool",43.95623688,0.336836232,1225.123978,25.08105087,1799.15564,1500.696777,53.76556778,-1.54720951766667,24.9900220233333
"637","c1.3","cool",45.40926365,0.329128011,1502.752654,25.04089355,1799.11377,1799.746216,53.50620651,-1.54720951766667,24.9900220233333
"638","d1.1","cool",6.518588355,0.485678678,16.98797464,25.05430031,1799.89978,49.42657089,62.28317261,-1.33341976833333,25.0711275766667
"639","d1.1","cool",12.9443821,0.500888919,37.46517485,24.81624413,1800.267944,100.6195755,62.20119858,-1.33341976833333,25.0711275766667
"640","d1.1","cool",19.05658731,0.500364733,56.84394446,24.89268494,1800.78833,149.9505768,61.42695618,-1.33341976833333,25.0711275766667
"641","d1.1","cool",25.05001365,0.492615044,76.72643812,24.97138023,1800.776123,200.4989014,60.86904144,-1.33341976833333,25.0711275766667
"642","d1.1","cool",30.19720822,0.478789057,97.91437616,25.04568863,1800.774048,250.2164612,60.57361984,-1.33341976833333,25.0711275766667
"643","d1.1","cool",35.65395389,0.460636274,139.9786575,25.02039146,1800.647217,325.3708801,59.91625977,-1.33341976833333,25.0711275766667
"644","d1.1","cool",38.46016832,0.426842663,188.0538859,25.18457413,1800.515137,400.2036438,58.59280777,-1.33341976833333,25.0711275766667
"645","d1.1","cool",40.00274135,0.346916058,340.0100876,25.11214638,1799.655396,600.7694092,56.7662468,-1.33341976833333,25.0711275766667
"646","d1.1","cool",39.93020117,0.213277492,419.3492497,25.10776329,1798.640991,800.4180298,51.21378326,-1.33341976833333,25.0711275766667
"647","d1.1","cool",39.79883537,0.127378174,608.6833465,25.07472801,1800.006226,1200.803711,47.14425659,-1.33341976833333,25.0711275766667
"648","d1.1","cool",39.97564168,0.094557768,724.7062602,24.81822586,1800.754028,1500.54187,45.04261398,-1.33341976833333,25.0711275766667
"649","d1.2","cool",7.289367068,0.615820734,18.41162029,25.07459068,1798.769775,49.49764633,61.75606537,-1.176778938,25.0947202066667
"650","d1.2","cool",14.65341461,0.628703932,38.71224697,25.06072617,1798.793823,100.4472809,61.83298492,-1.176778938,25.0947202066667
"651","d1.2","cool",21.92780532,0.64197858,58.71362763,24.96040154,1799.351318,149.9029541,62.29866028,-1.176778938,25.0947202066667
"652","d1.2","cool",28.81114144,0.634792979,79.73554368,25.03401756,1799.894043,200.4628296,62.05606079,-1.176778938,25.0947202066667
"653","d1.2","cool",34.11111751,0.620229144,105.515735,25.05109787,1800.048462,250.8664703,61.89694214,-1.176778938,25.0947202066667
"654","d1.2","cool",38.47403444,0.575828334,152.4660084,25.11528778,1800.353638,325.3360291,60.97816467,-1.176778938,25.0947202066667
"655","d1.2","cool",39.74277735,0.506125558,204.5552358,25.07602501,1800.341064,400.1842651,59.5285759,-1.176778938,25.0947202066667
"656","d1.2","cool",40.71454351,0.357694431,340.9827311,25.01796722,1800.071655,600.3781738,55.26873779,-1.176778938,25.0947202066667
"657","d1.2","cool",40.15715258,0.204709255,404.2715672,25.10222816,1799.749512,799.8659668,49.39891434,-1.176778938,25.0947202066667
"658","d1.2","cool",39.83425042,0.123967319,594.4951349,25.02091026,1799.291626,1200.622437,45.97866821,-1.176778938,25.0947202066667
"659","d1.2","cool",40.48503751,0.100378642,754.7716497,24.8255558,1800.588135,1500.852783,44.07427216,-1.176778938,25.0947202066667
"660","d1.3","cool",5.990004417,0.480135847,18.83727265,24.95256996,1799.674316,49.6295166,61.09262085,-1.10963866566667,25.1462230666667
"661","d1.3","cool",11.95233903,0.494333542,40.14291595,24.84490395,1800.391846,100.4684372,61.76228333,-1.10963866566667,25.1462230666667
"662","d1.3","cool",17.73765168,0.500592229,61.12562341,24.92665672,1800.886963,149.9698334,61.03668976,-1.10963866566667,25.1462230666667
"663","d1.3","cool",23.2698323,0.503298603,85.03655273,24.89706039,1801.259888,201.3108826,61.70258331,-1.10963866566667,25.1462230666667
"664","d1.3","cool",27.88985985,0.495338806,109.9471634,24.96598625,1799.525391,251.0337067,61.69281006,-1.10963866566667,25.1462230666667
"665","d1.3","cool",32.52363089,0.476507037,155.2627344,24.9029007,1800.504272,324.8631897,61.1445694,-1.10963866566667,25.1462230666667
"666","d1.3","cool",34.97045322,0.440843302,206.510353,24.9681263,1800.58252,399.9190369,59.99053955,-1.10963866566667,25.1462230666667
"667","d1.3","cool",36.05856242,0.351998043,361.8123089,24.96466064,1800.39209,599.9991455,57.44514084,-1.10963866566667,25.1462230666667
"668","d1.3","cool",35.8969549,0.217936473,456.7837352,24.95186806,1799.751221,799.9482422,51.36034775,-1.10963866566667,25.1462230666667
"669","d1.3","cool",34.91522818,0.118846388,641.5938779,25.00413513,1799.757568,1200.793579,46.23950195,-1.10963866566667,25.1462230666667
"670","d1.3","cool",34.92284481,0.082024921,722.8400095,24.96180916,1800.255737,1500.322266,43.38076782,-1.10963866566667,25.1462230666667
"671","j1.1","cool",7.438638991,0.473743007,11.50650848,25.08516884,1799.572632,50.06481934,63.87278748,-1.535350363,24.9108295466667
"672","j1.1","cool",14.86836157,0.491027373,24.57265245,24.93047714,1799.386108,99.86647034,64.95240784,-1.535350363,24.9108295466667
"673","j1.1","cool",21.66276941,0.48632884,39.38165637,24.86307907,1799.3479,149.8782806,64.74978638,-1.535350363,24.9108295466667
"674","j1.1","cool",27.79100601,0.472572828,54.28360792,24.90412521,1799.689453,198.8863525,63.80634689,-1.535350363,24.9108295466667
"675","j1.1","cool",32.74432166,0.44481827,72.83543911,24.96234512,1799.801636,250.5758667,62.94478989,-1.535350363,24.9108295466667
"676","j1.1","cool",37.3598699,0.407421291,109.1616211,24.90928268,1799.482544,325.3366699,62.01580048,-1.535350363,24.9108295466667
"677","j1.1","cool",38.7335813,0.335473191,142.6297921,25.01676941,1799.446411,401.0636902,59.37270737,-1.535350363,24.9108295466667
"678","j1.1","cool",38.90846839,0.202731371,214.5015215,25.16372871,1799.335083,600.607666,54.19872665,-1.535350363,24.9108295466667
"679","j1.1","cool",38.43814305,0.130536295,246.7203461,25.08580399,1799.429565,800.3425293,50.86002731,-1.535350363,24.9108295466667
"680","j1.1","cool",33.41104485,0.066384011,312.8718931,25.0268116,1800.403564,1200.74939,46.58353424,-1.535350363,24.9108295466667
"681","j1.1","cool",41.51041268,0.063901064,362.2339437,24.85370064,1800.134766,1500.862183,54.04157639,-1.535350363,24.9108295466667
"682","j1.2","cool",7.328492274,0.52680236,14.4057496,24.91294289,1800.099487,49.80813217,67.37557983,-1.76699966566667,24.8022988633333
"683","j1.2","cool",14.32866065,0.53229569,30.81474086,24.93402672,1799.064819,99.64945984,67.9417572,-1.76699966566667,24.8022988633333
"684","j1.2","cool",21.05086443,0.528573423,48.14345881,24.93289948,1799.108154,149.8003998,67.89221191,-1.76699966566667,24.8022988633333
"685","j1.2","cool",27.26062164,0.519325429,65.61277485,24.88784599,1800.686279,198.818222,67.75424957,-1.76699966566667,24.8022988633333
"686","j1.2","cool",32.51257877,0.498398478,87.12157529,24.88048172,1799.963135,250.4946136,67.29306793,-1.76699966566667,24.8022988633333
"687","j1.2","cool",38.29815212,0.485551442,128.9616984,24.73505783,1799.655884,325.3181458,66.71866608,-1.76699966566667,24.8022988633333
"688","j1.2","cool",41.27570367,0.421584536,167.3783523,24.97638321,1800.085205,400.9328918,65.5893631,-1.76699966566667,24.8022988633333
"689","j1.2","cool",44.25602963,0.333021376,301.2929929,25.0487957,1799.950928,600.6380005,62.974823,-1.76699966566667,24.8022988633333
"690","j1.2","cool",44.93373735,0.244734314,414.009542,25.11475372,1799.546875,800.4287109,60.31579971,-1.76699966566667,24.8022988633333
"691","j1.2","cool",44.86970558,0.153831161,631.6215257,25.11019516,1799.978882,1200.33606,56.15821457,-1.76699966566667,24.8022988633333
"692","j1.2","cool",45.7661966,0.108098038,712.6568186,25.1599617,1799.989136,1499.816162,54.13211823,-1.76699966566667,24.8022988633333
"693","j1.3","cool",7.726474506,0.565506246,14.53063031,25.07374001,1800.134155,50.19504929,70.11125946,-1.299869084,25.0104262033333
"694","j1.3","cool",15.04313452,0.570594459,30.82961115,25.08654976,1799.830322,99.94348907,70.34249878,-1.299869084,25.0104262033333
"695","j1.3","cool",21.90569405,0.564555568,48.06049737,25.06281662,1800.13562,149.434021,70.39929962,-1.299869084,25.0104262033333
"696","j1.3","cool",28.29906389,0.549341291,67.21467712,25.05339813,1800.644287,200.5375519,70.4004364,-1.299869084,25.0104262033333
"697","j1.3","cool",33.54540608,0.52420212,87.01033486,25.07098961,1801.015259,249.9791107,70.25370789,-1.299869084,25.0104262033333
"698","j1.3","cool",39.55604511,0.495840806,125.120332,25.08122826,1801.15979,324.8592834,69.95858765,-1.299869084,25.0104262033333
"699","j1.3","cool",42.70403874,0.457509455,172.9780539,25.12343979,1799.584106,401.3187256,69.41216278,-1.299869084,25.0104262033333
"700","j1.3","cool",45.45738142,0.383543393,322.2480929,25.17720985,1799.525879,600.1332397,67.71257782,-1.299869084,25.0104262033333
"701","j1.3","cool",45.50552511,0.202700049,349.9597864,25.04847145,1799.873047,800.7810669,63.52120209,-1.299869084,25.0104262033333
"702","j1.3","cool",43.95092143,0.119915916,516.9502494,25.20524788,1799.927612,1200.832153,59.45791626,-1.299869084,25.0104262033333
"703","j1.3","cool",46.02212353,0.115293123,753.0478162,25.15582275,1799.846436,1499.748657,59.89756393,-1.299869084,25.0104262033333
"704","j1.4","cool",8.914826917,0.690592609,14.27415412,24.82595634,1799.99939,50.65734482,73.77871704,-1.6,25
"705","j1.4","cool",16.22534297,0.6705732,32.16363313,24.90580368,1799.858032,99.6713562,72.90426636,-1.6,25
"706","j1.4","cool",23.61797142,0.644268584,49.74398231,24.87404251,1800.303101,150.3870697,72.80737305,-1.6,25
"707","j1.4","cool",29.68159477,0.602268989,66.77119149,25.00162315,1800.572876,198.5861206,72.0238266,-1.6,25
"708","j1.4","cool",35.78292867,0.577329446,86.99432976,25.15715027,1801.269897,250.259201,71.30058289,-1.6,25
"709","j1.4","cool",41.04747857,0.546133177,130.6656106,24.83917999,1800.964355,325.0544128,73.70465088,-1.6,25
"710","j1.4","cool",43.73863617,0.495368122,179.2608191,25.00729179,1801.147583,400.7337646,70.4413147,-1.6,25
"711","j1.4","cool",45.362995,0.391007324,327.5085634,25.05450058,1800.505371,600.3222656,68.86611176,-1.6,25
"712","j1.4","cool",45.95133671,0.252934718,417.8845931,24.90228653,1799.189819,800.3239746,68.72942352,-1.6,25
"713","j1.4","cool",45.09196006,0.164203808,662.6560233,24.9846096,1799.212036,1200.730591,63.47919464,-1.6,25
"714","j1.4","cool",45.5876583,0.113020512,750.3368225,24.83620644,1799.216919,1499.796631,62.45019913,-1.6,25
